,Zipcode,City,Lat,Lng,Population,counts
41223,96101,Alturas,41.43,-120.53,3969,0
47444,94531,Antioch,37.96,-121.76,31488,0
47443,94509,Antioch,37.99,-121.81,45524,0
47440,94508,Angwin,38.57,-122.44,2362,0
47439,95002,Alviso,37.44,-121.99,1749,0
47438,94507,Alamo,37.84,-121.97,14041,0
47437,94502,Alameda,37.73,-122.24,12235,0
47435,94501,Alameda,37.77,-122.27,48387,0
47432,94973,Woodacre,38.0,-122.64,1339,0
47431,95492,Windsor,38.53,-122.81,23814,0
47430,95573,Willow Creek,40.94,-123.65,1299,0
47429,95490,Willits,39.49,-123.36,9434,0
47426,95589,Whitethorn,40.07,-123.92,712,0
47424,95487,Vineburg,38.25,-122.45,470,0
47417,95485,Upper Lake,39.26,-122.96,1933,0
47416,95482,Ukiah,39.12,-123.28,21879,0
47414,95418,Calpella,39.15,-123.2,507,0
47412,95570,Trinidad,41.13,-124.04,1922,0
47410,95481,Talmage,39.12,-123.16,1221,0
47409,94089,Sunnyvale,37.42,-122.0,16628,0
47407,94088,Sunnyvale,37.39,-122.03,1427,0
47406,94087,Sunnyvale,37.35,-122.03,46300,0
47405,94086,Sunnyvale,37.36,-122.02,37637,0
47404,94085,Sunnyvale,37.38,-122.01,16831,0
47403,94970,Stinson Beach,37.91,-122.66,583,0
47397,94083,South San Francisco,37.64,-122.41,884,0
47445,95001,Aptos,36.97,-121.89,1526,0
47393,94080,South San Francisco,37.65,-122.42,53242,0
47446,95003,Aptos,37.0,-121.87,18954,0
47451,94510,Benicia,38.11,-122.13,23802,0
47498,93923,Carmel,36.46,-121.82,8358,0
47497,93922,Carmel,36.48,-121.74,1913,0
47494,93921,Carmel By The Sea,36.55,-121.92,4014,0
47493,95010,Capitola,36.97,-121.95,7918,0
47491,95011,Campbell,37.29,-121.95,1102,0
47490,95009,Campbell,37.28,-121.94,497,0
47489,95008,Campbell,37.28,-121.95,36168,0
47488,94515,Calistoga,38.62,-122.61,5845,0
47486,94514,Byron,37.85,-121.62,1729,0
47484,94505,Discovery Bay,37.86,-121.64,9925,0
47483,95007,Brookdale,37.1,-122.11,647,0
47482,94513,Brentwood,37.87,-121.68,42684,0
47480,95006,Boulder Creek,37.16,-122.15,7182,0
47474,93920,Big Sur,36.08,-121.6,1072,0
47473,94511,Bethel Island,38.07,-121.62,1583,0
47467,94710,Berkeley,37.87,-122.3,5142,0
47466,94709,Berkeley,37.87,-122.26,6899,0
47464,94708,Berkeley,37.9,-122.26,10062,0
47461,94707,Berkeley,37.9,-122.28,11820,0
47458,94706,Albany,37.88,-122.29,15637,0
47457,94705,Berkeley,37.86,-122.24,10879,0
47456,94704,Berkeley,37.86,-122.25,6826,0
47454,94702,Berkeley,37.86,-122.28,12254,0
47453,94701,Berkeley,37.86,-122.27,359,0
47452,95005,Ben Lomond,37.1,-122.08,5137,0
47450,95004,Aromas,36.87,-121.63,3420,0
47390,95476,Sonoma,38.24,-122.46,24893,0
47389,95567,Smith River,41.93,-124.08,1663,0
47388,95473,Sebastopol,38.4,-122.82,1470,0
47293,94129,San Francisco,37.79,-122.46,2542,0
47291,94128,San Francisco,37.61,-122.38,683,0
47290,94127,San Francisco,37.73,-122.45,17250,0
47287,94124,San Francisco,37.73,-122.38,24380,0
47286,94123,San Francisco,37.8,-122.43,19132,0
47285,94122,San Francisco,37.76,-122.48,46850,0
47284,94121,San Francisco,37.77,-122.49,34786,0
47282,94119,San Francisco,37.78,-122.45,1798,0
47281,94118,San Francisco,37.78,-122.46,30630,0
47280,94117,San Francisco,37.76,-122.44,27878,0
47279,94116,San Francisco,37.74,-122.48,37668,0
47278,94115,San Francisco,37.78,-122.43,24064,0
47277,94114,San Francisco,37.75,-122.43,26380,0
47276,94112,San Francisco,37.72,-122.44,64941,0
47275,94111,San Francisco,37.79,-122.39,3905,0
47274,94110,San Francisco,37.74,-122.41,53093,0
47273,94109,San Francisco,37.79,-122.42,38763,0
47271,94107,San Francisco,37.76,-122.39,19741,0
47270,94105,San Francisco,37.78,-122.39,5271,0
47269,94104,San Francisco,37.79,-122.4,1959,0
47267,94102,San Francisco,37.77,-122.41,16733,0
47266,94070,San Carlos,37.49,-122.26,26469,0
47265,94066,San Bruno,37.62,-122.43,35122,0
47264,94979,San Anselmo,37.97,-122.56,493,0
47263,94960,San Anselmo,37.99,-122.58,12561,0
47295,94130,San Francisco,37.81,-122.36,1387,0
47296,94131,San Francisco,37.74,-122.44,22759,0
47297,94132,San Francisco,37.72,-122.48,19425,0
47298,94133,San Francisco,37.8,-122.41,20583,0
47386,95472,Sebastopol,38.4,-122.86,21680,0
47385,95565,Scotia,40.42,-124.01,853,0
47384,94966,Sausalito,37.86,-122.49,831,0
47381,94965,Sausalito,37.84,-122.53,9393,0
47379,95409,Santa Rosa,38.45,-122.59,21790,0
47377,95407,Santa Rosa,38.39,-122.75,26764,0
47376,95406,Santa Rosa,38.45,-122.72,849,0
47375,95405,Santa Rosa,38.43,-122.67,18155,0
47374,95404,Santa Rosa,38.45,-122.68,29799,0
47372,95403,Santa Rosa,38.5,-122.76,33257,0
47371,95402,Santa Rosa,38.47,-122.6,3300,0
47370,95401,Santa Rosa,38.44,-122.78,26704,0
47500,93924,Carmel Valley,36.39,-121.65,5275,0
47368,94915,San Rafael,37.95,-122.5,710,0
47353,94901,San Rafael,37.97,-122.5,33561,0
47347,94404,San Mateo,37.55,-122.26,29611,0
47346,94403,San Mateo,37.54,-122.3,33305,0
47345,94402,San Mateo,37.52,-122.35,21898,0
47344,94401,San Mateo,37.57,-122.32,25273,0
47342,94963,San Geronimo,38.02,-122.63,485,0
47341,94188,San Francisco,37.74,-122.38,787,0
47335,94164,San Francisco,37.78,-122.42,467,0
47307,94142,San Francisco,37.78,-122.41,1208,0
47306,94141,San Francisco,37.76,-122.41,414,0
47305,94140,San Francisco,37.75,-122.41,625,0
47299,94134,San Francisco,37.72,-122.41,32983,0
47359,94904,Greenbrae,37.94,-122.56,10158,0
47504,95012,Castroville,36.76,-121.75,8542,0
47505,93925,Chualar,36.57,-121.44,1743,0
47506,94517,Clayton,37.88,-121.84,11352,0
47653,95043,Paicines,36.53,-120.96,494,0
47651,93950,Pacific Grove,36.61,-121.92,12550,0
47650,94563,Orinda,37.89,-122.19,17132,0
47648,94561,Oakley,37.99,-121.68,27185,0
47644,94662,Emeryville,37.84,-122.29,557,0
47635,94623,Oakland,37.8,-122.29,420,0
47632,94621,Oakland,37.73,-122.2,18680,0
47629,94619,Oakland,37.78,-122.12,18775,0
47627,94618,Oakland,37.84,-122.23,13888,0
47621,94612,Oakland,37.8,-122.27,8710,0
47618,94611,Oakland,37.83,-122.22,32155,0
47615,94610,Oakland,37.81,-122.24,24162,0
47614,94609,Oakland,37.83,-122.26,14227,0
47612,94608,Emeryville,37.83,-122.29,18425,0
47611,94607,Oakland,37.81,-122.3,14897,0
47610,94606,Oakland,37.78,-122.24,25875,0
47609,94605,Oakland,37.75,-122.13,28141,0
47608,94604,Oakland,37.8,-122.26,1423,0
47607,94603,Oakland,37.73,-122.17,21407,0
47605,94602,Oakland,37.8,-122.21,22480,0
47604,94601,Oakland,37.77,-122.21,33456,0
47603,94560,Newark,37.51,-122.04,35570,0
47601,94581,Napa,38.29,-122.28,1475,0
47600,94559,Napa,38.23,-122.29,21017,0
47598,94558,Napa,38.55,-122.15,54496,0
47658,93953,Pebble Beach,36.58,-121.94,3861,0
47659,94564,Pinole,37.99,-122.27,15898,0
47660,94565,Pittsburg,38.0,-121.83,61968,0
47664,94566,Pleasanton,37.65,-121.85,37329,0
47721,95110,San Jose,37.34,-121.9,12621,0
47720,95109,San Jose,37.33,-121.89,873,0
47713,93962,Spreckels,36.62,-121.64,729,0
47712,93915,Salinas,36.67,-121.62,3402,0
47711,93912,Salinas,36.73,-121.68,3847,0
47708,93908,Salinas,36.61,-121.62,11306,0
47706,93907,Salinas,36.76,-121.65,16466,0
47705,93906,Salinas,36.72,-121.63,42006,0
47703,93905,Salinas,36.67,-121.61,49791,0
47702,93902,Salinas,36.67,-121.65,1764,0
47701,93901,Salinas,36.64,-121.62,19097,0
47700,94574,Saint Helena,38.55,-122.39,7143,0
47597,95041,Mount Hermon,37.05,-122.05,575,0
47699,94573,Rutherford,38.45,-122.41,771,0
47696,94547,Hercules,38.01,-122.25,20527,0
47695,94571,Rio Vista,38.18,-121.73,6699,0
47692,94820,El Sobrante,37.97,-122.29,661,0
47686,94806,San Pablo,37.98,-122.33,43290,0
47684,94805,Richmond,37.94,-122.31,10551,0
47683,94804,Richmond,37.92,-122.34,26686,0
47680,94803,El Sobrante,37.95,-122.26,20102,0
47679,94802,Richmond,37.93,-122.35,573,0
47674,94801,Richmond,37.96,-122.38,18180,0
47668,94567,Pope Valley,38.67,-122.44,537,0
47667,94588,Pleasanton,37.67,-121.93,28137,0
47665,94568,Dublin,37.71,-121.91,34457,0
47698,94572,Rodeo,38.03,-122.23,6725,0
47260,94957,Ross,37.96,-122.55,2219,0
47596,95039,Moss Landing,36.84,-121.77,1267,0
47594,95037,Morgan Hill,37.17,-121.65,35452,0
47543,94555,Fremont,37.55,-122.07,28222,0
47542,94539,Fremont,37.51,-121.89,44440,0
47541,94538,Fremont,37.5,-121.96,49149,0
47540,94537,Fremont,37.55,-122.01,960,0
47539,94536,Fremont,37.56,-121.98,55569,0
47538,95019,Freedom,36.93,-121.78,7068,0
47536,95018,Felton,37.08,-122.05,6114,0
47534,94535,Travis Afb,38.26,-121.93,4193,0
47532,94534,Fairfield,38.23,-122.12,30105,0
47531,94533,Fairfield,38.28,-122.0,51145,0
47530,94530,El Cerrito,37.91,-122.3,21140,0
47529,94528,Diablo,37.83,-121.95,1028,0
47528,95017,Davenport,37.09,-122.24,718,0
47527,94526,Danville,37.81,-121.97,28860,0
47525,94506,Danville,37.78,-121.88,20743,0
47524,95015,Cupertino,37.32,-122.05,1709,0
47521,95014,Cupertino,37.3,-122.09,51349,0
47520,94525,Crockett,38.04,-122.23,2510,0
47515,94524,Concord,37.97,-122.05,720,0
47513,94523,Pleasant Hill,37.95,-122.07,27947,0
47512,94522,Concord,38.01,-122.02,498,0
47511,94521,Concord,37.97,-121.96,34763,0
47509,94520,Concord,38.0,-122.03,26131,0
47508,94519,Concord,37.99,-122.0,14804,0
47507,94518,Concord,37.95,-122.02,21464,0
47544,95020,Gilroy,37.06,-121.55,41952,0
47545,95021,Gilroy,37.01,-121.55,2725,0
47546,93926,Gonzales,36.54,-121.39,8139,0
47547,93927,Greenfield,36.26,-121.37,12788,0
47591,94556,Moraga,37.83,-122.1,13735,0
47588,93944,Monterey,36.57,-121.83,1445,0
47586,93942,Monterey,36.61,-121.89,1366,0
47582,93940,Monterey,36.6,-121.88,22581,0
47581,95036,Milpitas,37.24,-121.97,1343,0
47580,95035,Milpitas,37.44,-121.87,54420,0
47577,94553,Martinez,37.98,-122.15,38654,0
47576,93933,Marina,36.67,-121.79,16444,0
47575,95033,Los Gatos,37.13,-121.94,7196,0
47574,95032,Los Gatos,37.23,-121.95,21990,0
47573,95031,Los Gatos,37.12,-121.93,1445,0
47571,95030,Los Gatos,37.22,-121.99,11508,0
47595,95038,Morgan Hill,37.08,-121.61,1884,0
47569,94551,Livermore,37.77,-121.75,32376,0
47567,94549,Lafayette,37.9,-122.11,24865,0
47566,94548,Knightsen,37.97,-121.65,754,0
47565,93930,King City,36.2,-120.94,12376,0
47561,95024,Hollister,36.84,-121.39,2447,0
47560,95023,Hollister,36.89,-121.24,35971,0
47556,94552,Castro Valley,37.69,-122.01,13039,0
47554,94546,Castro Valley,37.7,-122.08,35351,0
47553,94545,Hayward,37.62,-122.11,24681,0
47552,94544,Hayward,37.63,-122.04,55190,0
47550,94542,Hayward,37.65,-122.04,9246,0
47549,94541,Hayward,37.67,-122.08,44424,0
47548,94540,Hayward,37.65,-122.09,819,0
47568,94550,Livermore,37.68,-121.75,40153,0
47722,95111,San Jose,37.28,-121.83,43578,0
47259,95562,Rio Dell,40.46,-124.13,2147,0
47256,94065,Redwood City,37.53,-122.24,10134,0
46953,91785,Upland,34.09,-117.64,1145,0
46952,91784,Upland,34.14,-117.65,22685,0
46951,92782,Tustin,33.75,-117.77,19295,0
46950,92781,Tustin,33.73,-117.81,1441,0
46949,92780,Tustin,33.74,-117.82,42492,0
46944,92688,Rancho Santa Margarita,33.61,-117.61,36571,0
46936,92679,Trabuco Canyon,33.61,-117.54,28044,0
46934,92678,Trabuco Canyon,33.66,-117.59,561,0
46930,92610,Foothill Ranch,33.7,-117.67,9499,0
46929,90510,Torrance,33.82,-118.32,784,0
46924,90505,Torrance,33.8,-118.35,31058,0
46923,90504,Torrance,33.86,-118.33,27310,0
46922,90503,Torrance,33.84,-118.35,36775,0
46921,90502,Torrance,33.83,-118.29,14193,0
46920,90501,Torrance,33.83,-118.31,33170,0
46919,91780,Temple City,34.1,-118.05,29368,0
46918,90743,Surfside,33.72,-118.08,414,0
46917,90742,Sunset Beach,33.71,-118.07,1081,0
46916,90680,Stanton,33.79,-117.99,23093,0
46913,92676,Silverado,33.75,-117.63,1608,0
46912,90740,Seal Beach,33.75,-118.07,20646,0
46908,90670,Santa Fe Springs,33.92,-118.06,12163,0
46903,92728,Fountain Valley,33.71,-117.92,951,0
46899,92711,Santa Ana,33.76,-117.8,998,0
46896,92708,Fountain Valley,33.71,-117.94,46913,0
46954,91786,Upland,34.1,-117.66,36960,0
46894,92707,Santa Ana,33.71,-117.87,48517,0
46955,91788,Walnut,34.01,-117.86,781,0
46962,91790,West Covina,34.06,-117.94,33820,0
47000,95524,Bayside,40.81,-124.01,1740,0
46996,95521,Arcata,40.85,-124.05,10982,0
46995,95519,Mckinleyville,40.94,-124.02,12766,0
46994,95518,Arcata,40.86,-124.08,1402,0
46991,95410,Albion,39.21,-123.69,676,0
46990,92887,Yorba Linda,33.88,-117.72,18153,0
46989,92886,Yorba Linda,33.89,-117.78,39360,0
46988,92885,Yorba Linda,33.89,-117.82,484,0
46987,90748,Wilmington,33.78,-118.26,1135,0
46986,90744,Wilmington,33.77,-118.26,37822,0
46982,90608,Whittier,33.97,-118.02,579,0
46981,90607,Whittier,33.96,-118.02,583,0
46979,90606,Whittier,33.98,-118.06,24569,0
46977,90605,Whittier,33.94,-118.03,30900,0
46976,90604,Whittier,33.93,-118.0,29676,0
46975,90603,Whittier,33.94,-117.99,16292,0
46974,90602,Whittier,33.97,-118.01,17609,0
46970,90601,Whittier,34.0,-118.03,24177,0
46969,92685,Westminster,33.75,-117.99,1209,0
46968,92684,Westminster,33.76,-118.0,880,0
46967,92683,Westminster,33.74,-117.99,70715,0
46966,92655,Midway City,33.74,-117.98,6304,0
46965,91793,West Covina,34.06,-117.92,1021,0
46964,91792,West Covina,34.02,-117.89,23683,0
46963,91791,West Covina,34.06,-117.89,25715,0
46956,91789,Walnut,34.01,-117.85,37363,0
46892,92706,Santa Ana,33.76,-117.88,27773,0
46889,92705,Santa Ana,33.76,-117.79,36122,0
46887,92704,Santa Ana,33.71,-117.9,67361,0
46822,92870,Placentia,33.88,-117.85,41874,0
46819,90660,Pico Rivera,33.98,-118.08,48568,0
46818,90723,Paramount,33.89,-118.16,38558,0
46817,92869,Orange,33.79,-117.78,31173,0
46816,92868,Orange,33.78,-117.86,16174,0
46814,92867,Orange,33.81,-117.79,34563,0
46812,92865,Orange,33.83,-117.85,15604,0
46810,92863,Orange,33.81,-117.82,1323,0
46807,92861,Villa Park,33.81,-117.81,5228,0
46804,92856,Orange,33.78,-117.84,546,0
46803,91764,Ontario,34.07,-117.62,38261,0
46801,91762,Ontario,34.04,-117.67,42661,0
46800,91761,Ontario,34.02,-117.58,44442,0
46796,90650,Norwalk,33.9,-118.07,78458,0
46795,92860,Norco,33.93,-117.56,18965,0
46794,92663,Newport Beach,33.62,-117.93,15815,0
46791,92662,Newport Beach,33.6,-117.89,2438,0
46790,92661,Newport Beach,33.6,-117.9,2915,0
46789,92660,Newport Beach,33.62,-117.87,28529,0
46788,92659,Newport Beach,33.62,-117.92,1126,0
46787,92658,Newport Beach,33.63,-117.86,2015,0
46785,92657,Newport Coast,33.6,-117.82,8448,0
46778,91755,Monterey Park,34.05,-118.11,21491,0
46777,91754,Monterey Park,34.05,-118.14,28166,0
46776,90640,Montebello,34.0,-118.1,46577,0
46824,91765,Diamond Bar,33.99,-117.81,41453,0
46826,91766,Pomona,34.03,-117.75,49778,0
46829,91767,Pomona,34.08,-117.73,33720,0
46830,91768,Pomona,34.06,-117.79,22349,0
46885,92703,Santa Ana,33.74,-117.89,48715,0
46884,92702,Santa Ana,33.73,-117.87,796,0
46883,92701,Santa Ana,33.75,-117.85,35900,0
46881,90733,San Pedro,33.7,-118.29,751,0
46880,90732,San Pedro,33.73,-118.31,17285,0
46876,90731,San Pedro,33.73,-118.29,40560,0
46873,92694,Ladera Ranch,33.56,-117.63,17998,0
46871,92693,San Juan Capistrano,33.49,-117.66,621,0
46868,92692,Mission Viejo,33.6,-117.64,40945,0
46865,92691,Mission Viejo,33.6,-117.66,40492,0
46862,92690,Mission Viejo,33.61,-117.64,1129,0
46859,92675,San Juan Capistrano,33.52,-117.61,27693,0
47001,94002,Belmont,37.5,-122.3,23092,0
46858,91778,San Gabriel,34.1,-118.1,952,0
46856,91775,San Gabriel,34.11,-118.08,19902,0
46855,91773,San Dimas,34.1,-117.81,28256,0
46854,92674,San Clemente,33.43,-117.62,1130,0
46853,92673,San Clemente,33.48,-117.61,24536,0
46852,92672,San Clemente,33.42,-117.62,29908,0
46847,91770,Rosemead,34.06,-118.08,49163,0
46844,91739,Rancho Cucamonga,34.14,-117.51,25587,0
46841,91737,Rancho Cucamonga,34.19,-117.61,20165,0
46838,91730,Rancho Cucamonga,34.09,-117.58,48152,0
46835,91729,Rancho Cucamonga,34.09,-117.56,2420,0
46832,91701,Rancho Cucamonga,34.14,-117.61,33269,0
46831,91769,Pomona,34.06,-117.75,1641,0
46857,91776,San Gabriel,34.08,-118.09,30178,0
47002,94920,Belvedere Tiburon,37.89,-122.47,10900,0
47007,95525,Blue Lake,40.96,-123.85,1405,0
47009,94923,Bodega Bay,38.35,-123.06,1169,0
47190,94042,Mountain View,37.4,-122.08,764,0
47189,94041,Mountain View,37.38,-122.07,10999,0
47186,94040,Mountain View,37.38,-122.08,26205,0
47185,94039,Mountain View,37.39,-122.07,688,0
47181,94038,Moss Beach,37.51,-122.5,2425,0
47178,95462,Monte Rio,38.45,-123.01,836,0
47177,94037,Montara,37.54,-122.5,2482,0
47176,95553,Miranda,40.21,-123.86,585,0
47175,94942,Mill Valley,37.9,-122.52,977,0
47171,94941,Mill Valley,37.89,-122.56,25742,0
47170,94030,Millbrae,37.59,-122.4,18869,0
47168,95467,Hidden Valley Lake,38.8,-122.55,3858,0
47165,95461,Middletown,38.78,-122.58,2984,0
47161,94028,Portola Valley,37.37,-122.21,6281,0
47159,94027,Atherton,37.44,-122.2,6145,0
47157,94026,Menlo Park,37.47,-122.18,1186,0
47154,94025,Menlo Park,37.45,-122.17,32613,0
47153,95460,Mendocino,39.3,-123.73,2343,0
47148,95458,Lucerne,39.12,-122.76,1687,0
47147,95457,Lower Lake,38.88,-122.55,2786,0
47145,94024,Los Altos,37.34,-122.11,20665,0
47144,94023,Los Altos,37.37,-122.11,687,0
47142,94022,Los Altos,37.36,-122.14,17620,0
47140,95551,Loleta,40.68,-124.22,1088,0
47138,95456,Little River,39.25,-123.73,540,0
47191,94043,Mountain View,37.41,-122.05,22824,0
47193,94946,Nicasio,38.07,-122.68,551,0
47194,95464,Nice,39.12,-122.84,1536,0
47195,94945,Novato,38.13,-122.56,14293,0
47255,94064,Redwood City,37.46,-122.25,1200,0
47254,94063,Redwood City,37.49,-122.21,21866,0
47250,94062,Redwood City,37.4,-122.29,22552,0
47248,94061,Redwood City,37.46,-122.24,27970,0
47247,95560,Redway,40.15,-123.89,1680,0
47245,95469,Potter Valley,39.37,-123.02,1399,0
47243,94956,Point Reyes Station,38.07,-122.86,1406,0
47241,95468,Point Arena,38.91,-123.58,978,0
47239,95466,Philo,39.07,-123.52,1058,0
47234,94975,Petaluma,38.32,-122.64,747,0
47233,94955,Petaluma,38.22,-122.55,564,0
47232,94954,Petaluma,38.23,-122.56,31071,0
47135,95454,Laytonville,39.8,-123.5,1687,0
47231,94953,Petaluma,38.26,-122.63,788,0
47225,94060,Pescadero,37.2,-122.3,1410,0
47224,94951,Penngrove,38.31,-122.64,3579,0
47222,94309,Palo Alto,37.41,-122.16,946,0
47221,94306,Palo Alto,37.41,-122.13,22810,0
47219,94305,Stanford,37.41,-122.17,5084,0
47218,94304,Palo Alto,37.37,-122.18,2781,0
47215,94303,Palo Alto,37.45,-122.1,34099,0
47213,94301,Palo Alto,37.44,-122.15,14401,0
47211,94044,Pacifica,37.6,-122.45,32334,0
47205,95465,Occidental,38.41,-123.01,1774,0
47200,94949,Novato,38.06,-122.54,14246,0
47198,94947,Novato,38.1,-122.63,19940,0
47226,94952,Petaluma,38.21,-122.76,25794,0
47257,95470,Redwood Valley,39.32,-123.23,4791,0
47131,94939,Larkspur,37.93,-122.53,5652,0
47129,94020,La Honda,37.28,-122.24,1307,0
47070,95501,Eureka,40.8,-124.15,14321,0
47069,95433,El Verano,38.29,-122.48,873,0
47067,94018,El Granada,37.5,-122.47,3353,0
47063,94017,Daly City,37.69,-122.47,895,0
47060,94015,Daly City,37.67,-122.47,49650,0
47058,94014,Daly City,37.68,-122.43,36989,0
47052,95531,Crescent City,41.78,-124.16,14062,0
47051,95428,Covelo,39.82,-123.16,1328,0
47050,94931,Cotati,38.31,-122.7,7260,0
47048,94928,Rohnert Park,38.34,-122.7,30371,0
47046,94927,Rohnert Park,38.34,-122.69,678,0
47042,94976,Corte Madera,37.92,-122.52,365,0
47041,94925,Corte Madera,37.92,-122.51,8134,0
47038,95426,Cobb,38.83,-122.71,1723,0
47035,95425,Cloverdale,38.78,-122.92,8841,0
47030,95423,Clearlake Oaks,39.05,-122.55,2370,0
47029,95422,Clearlake,38.96,-122.64,7530,0
47028,95421,Cazadero,38.56,-123.2,1034,0
47027,95528,Carlotta,40.48,-123.95,754,0
47024,94011,Burlingame,37.57,-122.34,973,0
47022,94010,Burlingame,37.56,-122.37,35172,0
47021,94005,Brisbane,37.68,-122.41,4345,0
47013,95416,Boyes Hot Springs,38.31,-122.48,2731,0
47012,95415,Boonville,38.99,-123.36,1236,0
47011,94924,Bolinas,37.94,-122.73,1151,0
47072,95502,Eureka,40.81,-124.08,2818,0
47073,95503,Eureka,40.71,-124.11,16695,0
47076,94930,Fairfax,37.98,-122.6,6948,0
47077,94978,Fairfax,37.98,-122.58,526,0
47128,94938,Lagunitas,38.03,-122.7,479,0
47126,95549,Kneeland,40.67,-123.88,635,0
47125,95548,Klamath,41.59,-124.06,716,0
47124,95452,Kenwood,38.42,-122.54,1581,0
47123,95451,Kelseyville,38.91,-122.79,8100,0
47120,94937,Inverness,38.11,-122.92,867,0
47119,95547,Hydesville,40.56,-124.07,1029,0
47118,95449,Hopland,38.93,-123.11,1330,0
47114,95546,Hoopa,41.11,-123.64,1777,0
47112,95448,Healdsburg,38.63,-122.89,14838,0
47110,94019,Half Moon Bay,37.44,-122.41,12963,0
47107,95446,Guerneville,38.52,-123.01,3558,0
47130,95453,Lakeport,39.04,-122.93,7976,0
47106,95497,The Sea Ranch,38.7,-123.44,411,0
47102,95444,Graton,38.43,-122.86,1154,0
47100,95442,Glen Ellen,38.38,-122.52,2862,0
47099,95441,Geyserville,38.74,-123.13,2362,0
47098,95543,Gasquet,41.84,-123.85,494,0
47097,95542,Garberville,40.22,-123.97,1468,0
47096,95439,Fulton,38.49,-122.77,838,0
47095,95540,Fortuna,40.57,-124.15,9910,0
47085,95437,Fort Bragg,39.47,-123.63,11000,0
47083,95436,Forestville,38.48,-122.9,4585,0
47082,94933,Forest Knolls,38.01,-122.69,771,0
47081,95435,Finley,39.0,-122.87,563,0
47078,95536,Ferndale,40.45,-124.26,2338,0
47103,95445,Gualala,38.82,-123.51,2247,0
48861,95992,Yuba City,39.02,-121.61,1752,0
47723,95112,San Jose,37.34,-121.88,34111,0
47727,95117,San Jose,37.31,-121.96,22030,0
48441,95363,Patterson,37.49,-121.25,18121,0
48439,93648,Parlier,36.62,-119.51,10702,0
48438,95969,Paradise,39.74,-121.61,19114,0
48437,95967,Paradise,39.74,-121.6,2089,0
48436,96073,Palo Cedro,40.56,-122.2,4146,0
48435,95968,Palermo,39.43,-121.55,1619,0
48428,95966,Oroville,39.45,-121.39,19686,0
48411,95965,Oroville,39.5,-121.67,12407,0
48403,93647,Orosi,36.58,-119.19,7372,0
48401,95963,Orland,39.73,-122.33,11337,0
48399,95962,Oregon House,39.34,-121.23,1301,0
48396,95662,Orangevale,38.68,-121.22,26135,0
48394,93675,Squaw Valley,36.74,-119.19,2686,0
48392,93646,Orange Cove,36.64,-119.29,6510,0
48387,95961,Olivehurst,39.08,-121.55,16912,0
48385,96069,Oak Run,40.66,-122.03,667,0
48384,93644,Oakhurst,37.4,-119.61,7289,0
48381,95361,Oakdale,37.8,-120.74,24557,0
48376,95960,North San Juan,39.42,-120.99,955,0
48374,95660,North Highlands,38.66,-121.37,21675,0
48372,93643,North Fork,37.23,-119.49,2422,0
48367,95659,Nicolaus,38.83,-121.58,614,0
48366,95360,Newman,37.28,-121.2,8424,0
48365,95658,Newcastle,38.87,-121.15,5562,0
48360,95959,Nevada City,39.34,-120.87,14769,0
48444,95663,Penryn,38.85,-121.18,2304,0
48359,95247,Murphys,38.14,-120.45,3550,0
48446,95664,Pilot Hill,38.8,-121.04,1113,0
48462,95666,Pioneer,38.56,-120.17,4179,0
48527,93656,Riverdale,36.48,-119.94,4450,0
48524,95367,Riverbank,37.73,-120.95,17864,0
48523,95366,Ripon,37.75,-121.12,13598,0
48522,95674,Rio Oso,38.95,-121.49,734,0
48521,95673,Rio Linda,38.68,-121.45,11504,0
48519,95672,Rescue,38.72,-121.0,4022,0
48517,93654,Reedley,36.65,-119.4,22515,0
48516,96099,Redding,40.64,-122.5,2141,0
48515,96049,Redding,40.56,-122.29,2172,0
48514,96003,Redding,40.68,-122.25,30950,0
48513,96002,Redding,40.52,-122.32,23604,0
48511,96001,Redding,40.6,-122.46,23744,0
48509,96080,Red Bluff,40.13,-122.43,21073,0
48507,93653,Raymond,37.25,-119.96,802,0
48505,95742,Rancho Cordova,38.57,-121.17,6511,0
48499,95670,Rancho Cordova,38.6,-121.26,40655,0
48498,95655,Mather,38.54,-121.28,3200,0
48497,93652,Raisin City,36.59,-119.9,664,0
48487,95971,Quincy,39.96,-121.0,4865,0
48483,93651,Prather,37.0,-119.5,1657,0
48480,95726,Pollock Pines,38.74,-120.57,6965,0
48479,95669,Plymouth,38.46,-120.88,2065,0
48477,95668,Pleasant Grove,38.83,-121.5,687,0
48474,95365,Planada,37.32,-120.3,3801,0
48464,95667,Placerville,38.73,-120.8,28139,0
48451,95665,Pine Grove,38.38,-120.64,3764,0
48353,95656,Mount Aukum,38.56,-120.71,644,0
48352,96067,Mount Shasta,41.31,-122.32,6226,0
48348,95246,Mountain Ranch,38.23,-120.49,1401,0
48281,93638,Madera,37.01,-119.94,31212,0
48279,93637,Madera,36.91,-120.19,26109,0
48278,93636,Madera,36.93,-119.83,8882,0
48277,96058,Macdoel,41.74,-121.89,489,0
48276,96057,Mccloud,41.26,-122.1,1037,0
48273,96056,Mcarthur,41.1,-121.34,1210,0
48272,95651,Lotus,38.81,-120.93,625,0
48271,96055,Los Molinos,40.05,-122.07,2732,0
48270,93635,Los Banos,36.9,-121.02,27870,0
48269,95650,Loomis,38.81,-121.16,10909,0
48265,95242,Lodi,38.13,-121.39,20643,0
48264,95241,Lodi,38.15,-121.3,2197,0
48263,95240,Lodi,38.11,-121.16,30585,0
48262,95237,Lockeford,38.17,-121.13,3187,0
48261,95334,Livingston,37.34,-120.75,11811,0
48259,95953,Live Oak,39.23,-121.78,7556,0
48258,95236,Linden,38.05,-121.03,4764,0
48257,95648,Lincoln,38.93,-121.25,38746,0
48256,96052,Lewiston,40.78,-122.84,947,0
48255,95333,Le Grand,37.25,-120.2,2167,0
48254,95330,Lathrop,37.82,-121.29,13248,0
48251,96051,Lakehead,40.88,-122.38,902,0
48250,95329,La Grange,37.66,-120.45,1940,0
48246,95645,Knights Landing,38.89,-121.8,1285,0
48243,93631,Kingsburg,36.48,-119.5,12763,0
48282,93639,Madera,36.96,-120.08,1010,0
48283,95653,Madison,38.67,-121.96,493,0
48284,95954,Magalia,39.84,-121.6,8445,0
48287,95336,Manteca,37.83,-121.18,33056,0
48345,96064,Montague,41.76,-122.39,3209,0
48343,95245,Mokelumne Hill,38.29,-120.58,1357,0
48340,95358,Modesto,37.65,-121.13,22496,0
48339,95357,Modesto,37.67,-120.89,10140,0
48338,95356,Modesto,37.72,-121.03,24224,0
48337,95355,Modesto,37.67,-120.95,42666,0
48336,95354,Modesto,37.63,-120.97,16332,0
48335,95353,Modesto,37.66,-120.94,728,0
48334,95352,Modesto,37.66,-120.99,789,0
48333,95351,Modesto,37.63,-121.01,28298,0
48332,95350,Modesto,37.67,-121.01,36016,0
48329,95346,Mi Wuk Village,38.1,-120.13,1069,0
48529,95677,Rocklin,38.8,-121.24,20132,0
48311,96062,Millville,40.56,-122.07,977,0
48308,95957,Meridian,39.07,-121.84,650,0
48307,95348,Merced,37.41,-120.5,18422,0
48306,95344,Merced,37.37,-120.61,1080,0
48304,95341,Merced,37.33,-120.48,17451,0
48303,95340,Merced,37.29,-120.48,24607,0
48302,93640,Mendota,36.67,-120.43,8825,0
48301,95722,Meadow Vista,39.0,-121.03,4202,0
48298,95955,Maxwell,39.31,-122.17,1193,0
48296,95903,Beale Afb,39.12,-121.39,1623,0
48291,95901,Marysville,39.15,-121.47,22529,0
48290,95338,Mariposa,37.49,-120.0,8172,0
48288,95337,Manteca,37.73,-121.24,22663,0
48310,95345,Midpines,37.58,-119.97,579,0
48531,95765,Rocklin,38.81,-121.28,25874,0
48532,95661,Roseville,38.74,-121.25,24647,0
48533,95678,Roseville,38.76,-121.28,32889,0
48792,95687,Vacaville,38.35,-121.93,45910,0
48788,95383,Twain Harte,38.08,-120.24,3648,0
48785,95382,Turlock,37.53,-120.84,26190,0
48784,95381,Turlock,37.49,-120.85,2128,0
48783,95380,Turlock,37.47,-120.85,28101,0
48782,95379,Tuolumne,37.95,-120.2,2996,0
48780,96091,Trinity Center,41.05,-122.78,501,0
48779,93673,Traver,36.45,-119.48,910,0
48778,93668,Tranquillity,36.65,-120.28,861,0
48775,95391,Tracy,37.76,-121.63,7031,0
48772,95378,Tracy,37.8,-121.55,1002,0
48771,95377,Tracy,37.62,-121.45,23164,0
48770,95376,Tracy,37.73,-121.42,38068,0
48768,95304,Tracy,37.69,-121.39,8986,0
48767,93667,Tollhouse,36.96,-119.3,1864,0
48766,95686,Thornton,38.17,-121.52,922,0
48759,95685,Sutter Creek,38.42,-120.75,3944,0
48758,95982,Sutter,39.18,-121.81,2736,0
48757,93666,Sultana,36.54,-119.33,842,0
48746,95269,Stockton,38.01,-121.32,1714,0
48744,95267,Stockton,38.0,-121.31,723,0
48742,95219,Stockton,38.01,-121.38,21236,0
48740,95215,Stockton,37.95,-121.12,15614,0
48735,95212,Stockton,38.04,-121.2,18519,0
48730,95210,Stockton,38.02,-121.3,25741,0
48793,95688,Vacaville,38.41,-122.01,28085,0
48795,95696,Vacaville,38.31,-121.92,2007,0
48796,95251,Vallecito,38.1,-120.43,479,0
48800,95252,Valley Springs,38.16,-120.84,10080,0
48859,95991,Yuba City,39.05,-121.61,27881,0
48858,96097,Yreka,41.75,-122.67,7554,0
48852,95389,Yosemite National Park,37.69,-119.59,1136,0
48851,95697,Yolo,38.73,-121.81,690,0
48849,95776,Woodland,38.69,-121.68,18163,0
48848,95695,Woodland,38.71,-121.85,28392,0
48847,95258,Woodbridge,38.16,-121.29,4461,0
48846,95388,Winton,37.41,-120.59,9257,0
48845,95694,Winters,38.56,-121.99,7665,0
48844,95693,Wilton,38.39,-121.24,5891,0
48841,95988,Willows,39.5,-122.28,6588,0
48838,95987,Williams,39.11,-122.27,5477,0
48728,95209,Stockton,38.04,-121.35,29459,0
48837,96096,Whitmore,40.63,-121.87,568,0
48829,95691,West Sacramento,38.66,-121.62,26437,0
48824,95605,West Sacramento,38.59,-121.54,9280,0
48823,95255,West Point,38.42,-120.44,1287,0
48822,95387,Westley,37.54,-121.29,1113,0
48821,95736,Weimar,39.03,-120.96,1228,0
48818,96094,Weed,41.51,-122.36,4766,0
48817,96093,Weaverville,40.74,-122.93,3395,0
48816,95386,Waterford,37.68,-120.64,7503,0
48806,95690,Walnut Grove,38.23,-121.58,2004,0
48805,95254,Wallace,38.19,-120.95,646,0
48804,95689,Volcano,38.48,-120.57,1166,0
48802,95253,Victor,38.14,-121.2,741,0
48836,95692,Wheatland,39.04,-121.39,3917,0
48242,95328,Keyes,37.55,-120.91,2288,0
48726,95208,Stockton,37.95,-121.43,781,0
48722,95206,Stockton,37.9,-121.4,44874,0
48632,95834,Sacramento,38.64,-121.54,18721,0
48631,95833,Sacramento,38.61,-121.49,27060,0
48630,95832,Sacramento,38.43,-121.51,7151,0
48628,95830,Sacramento,38.49,-121.27,679,0
48627,95829,Sacramento,38.48,-121.34,19919,0
48626,95828,Sacramento,38.48,-121.4,40823,0
48625,95827,Sacramento,38.55,-121.32,16012,0
48623,95826,Sacramento,38.54,-121.38,26728,0
48622,95825,Sacramento,38.58,-121.4,20027,0
48621,95824,Sacramento,38.51,-121.44,19631,0
48620,95823,Sacramento,38.47,-121.44,50088,0
48619,95822,Sacramento,38.51,-121.49,31791,0
48617,95821,Sacramento,38.62,-121.38,24579,0
48615,95820,Sacramento,38.53,-121.44,23334,0
48614,95819,Sacramento,38.56,-121.43,13837,0
48613,95818,Sacramento,38.55,-121.49,16236,0
48612,95817,Sacramento,38.55,-121.45,8527,0
48611,95816,Sacramento,38.57,-121.46,12950,0
48609,95815,Sacramento,38.6,-121.46,14432,0
48606,95812,Sacramento,38.58,-121.49,1004,0
48605,95811,Sacramento,38.59,-121.49,3752,0
48539,95975,Rough And Ready,39.22,-121.15,1434,0
48537,95946,Penn Valley,39.18,-121.2,8356,0
48536,95747,Roseville,38.78,-121.37,41545,0
48534,95746,Granite Bay,38.76,-121.16,19407,0
48633,95835,Sacramento,38.69,-121.56,27167,0
48636,95838,Sacramento,38.64,-121.44,23781,0
48639,95841,Sacramento,38.66,-121.35,13816,0
48640,95842,Sacramento,38.68,-121.34,22672,0
48720,95205,Stockton,37.96,-121.26,24135,0
48718,95204,Stockton,37.97,-121.32,19838,0
48716,95203,Stockton,37.95,-121.32,9689,0
48714,95202,Stockton,37.95,-121.28,3036,0
48712,95201,Stockton,37.9,-121.22,951,0
48710,95374,Stevinson,37.3,-120.87,1329,0
48708,93665,South Dos Palos,36.95,-120.65,535,0
48707,95372,Soulsbyville,37.99,-120.25,2327,0
48704,95370,Sonora,37.98,-120.39,19792,0
48700,95684,Somerset,38.62,-120.62,2344,0
48692,95369,Snelling,37.54,-120.45,674,0
48688,95977,Smartsville,39.17,-121.29,1146,0
48724,95207,Stockton,38.0,-121.32,31668,0
48685,95683,Sloughhouse,38.51,-121.12,5736,0
48679,95682,Shingle Springs,38.61,-120.97,24623,0
48678,95681,Sheridan,38.98,-121.35,957,0
48677,93664,Shaver Lake,37.06,-119.04,681,0
48670,96087,Shasta,40.62,-122.5,877,0
48668,93662,Selma,36.53,-119.64,22360,0
48663,93660,San Joaquin,36.59,-120.19,3457,0
48659,93657,Sanger,36.79,-119.44,25192,0
48658,95249,San Andreas,38.2,-120.62,2912,0
48657,95368,Salida,37.71,-121.09,10850,0
48648,95865,Sacramento,38.59,-121.4,586,0
48646,95860,Sacramento,38.61,-121.38,620,0
48641,95843,Antelope,38.71,-121.36,34636,0
48683,96088,Shingletown,40.5,-121.8,3513,0
47726,95116,San Jose,37.35,-121.85,35357,0
48241,93630,Kerman,36.71,-120.15,13427,0
48238,95327,Jamestown,37.85,-120.49,4629,0
47868,95223,Arnold,38.35,-120.2,3417,0
47866,95912,Arbuckle,39.02,-122.04,4260,0
47864,95703,Applegate,39.0,-120.99,1447,0
47863,95222,Angels Camp,38.04,-120.61,2943,0
47861,95221,Altaville,38.07,-120.55,1332,0
47859,96007,Anderson,40.44,-122.35,16199,0
47854,95701,Alta,39.21,-120.79,787,0
47850,93601,Ahwahnee,37.39,-119.73,1527,0
47848,95220,Acampo,38.19,-121.25,5450,0
47847,94599,Yountville,38.41,-122.36,2713,0
47846,95077,Watsonville,36.91,-121.75,3861,0
47839,95076,Watsonville,36.95,-121.72,63437,0
47838,94598,Walnut Creek,37.91,-122.01,23862,0
47837,94597,Walnut Creek,37.91,-122.07,16977,0
47835,94596,Walnut Creek,37.89,-122.03,18125,0
47834,94595,Walnut Creek,37.86,-122.07,14774,0
47832,94592,Vallejo,38.11,-122.29,553,0
47831,94591,Vallejo,38.11,-122.2,42764,0
47830,94590,Vallejo,38.09,-122.25,25368,0
47827,94589,Vallejo,38.13,-122.25,22142,0
47824,94503,American Canyon,38.18,-122.25,15188,0
47823,94587,Union City,37.59,-122.06,57184,0
47822,95075,Tres Pinos,36.77,-121.29,603,0
47821,94586,Sunol,37.56,-121.84,937,0
47819,94585,Suisun City,38.16,-121.93,22796,0
47873,95301,Atwater,37.32,-120.63,25056,0
47818,95073,Soquel,37.02,-121.94,9169,0
47874,93602,Auberry,37.0,-119.15,2778,0
47877,95603,Auburn,38.92,-121.07,20376,0
47944,95926,Chico,39.74,-121.83,22651,0
47943,95712,Chicago Park,39.16,-120.95,609,0
47942,96020,Chester,40.27,-121.24,2304,0
47939,95307,Ceres,37.55,-120.96,30984,0
47937,96089,Shasta Lake,40.68,-122.4,522,0
47930,96019,Shasta Lake,40.68,-122.37,6917,0
47929,95924,Cedar Ridge,39.19,-121.02,1401,0
47927,95306,Catheys Valley,37.38,-120.12,781,0
47923,93609,Caruthers,36.52,-119.87,4374,0
47921,95608,Carmichael,38.62,-121.32,45450,0
47915,93608,Cantua Creek,36.45,-120.45,1102,0
47909,95709,Camino,38.74,-120.68,4150,0
47905,95225,Burson,38.18,-120.88,674,0
47903,96013,Burney,40.94,-121.74,3131,0
47902,95919,Brownsville,39.43,-121.25,914,0
47901,95918,Browns Valley,39.33,-121.33,1810,0
47899,93606,Biola,36.8,-120.01,1450,0
47897,95917,Biggs,39.42,-121.67,2534,0
47891,95916,Berry Creek,39.66,-121.38,931,0
47890,96008,Bella Vista,40.7,-122.09,1500,0
47887,93604,Bass Lake,37.38,-119.51,662,0
47886,95914,Bangor,39.42,-121.36,691,0
47885,95303,Ballico,37.47,-120.65,789,0
47884,95224,Avery,38.21,-120.33,557,0
47882,95604,Auburn,38.9,-121.06,3024,0
47876,95602,Auburn,39.0,-121.09,13927,0
47817,93960,Soledad,36.39,-121.3,12698,0
47815,93955,Seaside,36.62,-121.82,24162,0
47813,95070,Saratoga,37.25,-122.06,29525,0
47756,95152,San Jose,37.41,-121.82,448,0
47755,95151,San Jose,37.29,-121.78,1597,0
47754,95150,San Jose,37.29,-121.91,1217,0
47753,95148,San Jose,37.33,-121.77,37541,0
47748,95139,San Jose,37.21,-121.75,5634,0
47747,95138,San Jose,37.24,-121.73,15421,0
47746,95136,San Jose,37.27,-121.84,35078,0
47745,95135,San Jose,37.25,-121.67,17221,0
47744,95134,San Jose,37.42,-121.94,12670,0
47743,95133,San Jose,37.37,-121.86,20337,0
47742,95132,San Jose,37.42,-121.77,34344,0
47741,95131,San Jose,37.38,-121.9,24403,0
47740,95130,San Jose,37.28,-121.98,10841,0
47739,95129,San Jose,37.3,-122.0,32839,0
47738,95128,San Jose,37.31,-121.93,25327,0
47737,95127,San Jose,37.37,-121.75,46641,0
47736,95126,San Jose,37.32,-121.91,23076,0
47735,95125,San Jose,37.29,-121.88,41048,0
47734,95124,San Jose,37.25,-121.92,39234,0
47733,95123,San Jose,37.23,-121.82,50481,0
47732,95122,San Jose,37.33,-121.83,41936,0
47731,95121,San Jose,37.3,-121.8,30427,0
47730,95120,San Jose,37.19,-121.83,33486,0
47729,95119,San Jose,37.22,-121.78,8171,0
47728,95118,San Jose,37.25,-121.88,26249,0
47757,95153,San Jose,37.24,-121.84,744,0
47758,95154,San Jose,37.26,-121.91,491,0
47760,95156,San Jose,37.35,-121.84,790,0
47761,95157,San Jose,37.3,-121.97,597,0
47811,95067,Scotts Valley,36.97,-122.03,855,0
47809,95066,Scotts Valley,37.06,-122.01,11926,0
47808,95065,Santa Cruz,37.03,-121.98,6525,0
47807,95064,Santa Cruz,36.98,-122.06,890,0
47806,95063,Santa Cruz,36.97,-122.0,1484,0
47805,95062,Santa Cruz,36.97,-121.98,26530,0
47804,95061,Santa Cruz,36.97,-122.02,1461,0
47800,95060,Santa Cruz,37.04,-122.1,29968,0
47799,95056,Santa Clara,37.4,-121.96,795,0
47798,95055,Santa Clara,37.33,-121.98,1075,0
47797,95054,Santa Clara,37.39,-121.96,20797,0
47794,95052,Santa Clara,37.35,-121.95,580,0
47945,95927,Chico,39.75,-121.81,3301,0
47793,95051,Santa Clara,37.35,-121.98,45397,0
47791,94583,San Ramon,37.78,-121.99,40007,0
47790,94582,San Ramon,37.76,-121.93,29033,0
47789,95046,San Martin,37.1,-121.6,5514,0
47787,94580,San Lorenzo,37.68,-122.13,22564,0
47786,94579,San Leandro,37.68,-122.15,17524,0
47785,94578,San Leandro,37.7,-122.12,28085,0
47784,94577,San Leandro,37.71,-122.16,37421,0
47782,95045,San Juan Bautista,36.83,-121.51,3345,0
47766,95164,San Jose,37.39,-121.92,819,0
47765,95161,San Jose,37.38,-121.89,1275,0
47764,95160,San Jose,37.21,-121.86,424,0
47762,95158,San Jose,37.26,-121.87,556,0
47792,95050,Santa Clara,37.34,-121.95,26714,0
47946,95928,Chico,39.71,-121.81,22333,0
47952,95973,Chico,39.9,-121.83,23889,0
47959,93610,Chowchilla,37.07,-120.27,11048,0
48123,93744,Fresno,36.75,-119.79,434,0
48116,93730,Fresno,36.9,-119.75,7681,0
48115,93729,Fresno,36.85,-119.76,1369,0
48114,93728,Fresno,36.75,-119.81,9834,0
48113,93727,Fresno,36.75,-119.67,48028,0
48112,93726,Fresno,36.79,-119.76,26206,0
48109,93725,Fresno,36.6,-119.75,16278,0
48106,93723,Fresno,36.77,-119.95,6014,0
48105,93722,Fresno,36.79,-119.92,54913,0
48104,93721,Fresno,36.73,-119.78,1906,0
48103,93720,Fresno,36.88,-119.77,36614,0
48096,93711,Fresno,36.84,-119.82,30146,0
48095,93710,Fresno,36.81,-119.75,19306,0
48090,93706,Fresno,36.64,-119.91,22854,0
48089,93705,Fresno,36.78,-119.82,23426,0
48088,93704,Fresno,36.8,-119.8,19578,0
48087,93703,Fresno,36.76,-119.76,19554,0
48086,93702,Fresno,36.74,-119.75,27772,0
48085,93701,Fresno,36.74,-119.79,5872,0
48082,93650,Fresno,36.83,-119.79,2966,0
48080,95231,French Camp,37.86,-121.29,3106,0
48079,93625,Fowler,36.62,-119.67,5752,0
48078,96032,Fort Jones,41.59,-122.96,1733,0
48074,95942,Forest Ranch,39.97,-121.64,1178,0
48070,95631,Foresthill,39.03,-120.82,5104,0
48124,93745,Fresno,36.7,-119.75,646,0
48126,93747,Fresno,36.8,-119.67,709,0
48129,93755,Fresno,36.79,-119.79,698,0
48158,93626,Friant,37.02,-119.69,1202,0
48234,95642,Jackson,38.35,-120.77,6104,0
48230,95641,Isleton,38.16,-121.59,1486,0
48226,95640,Ione,38.33,-120.88,5808,0
48224,96047,Igo,40.46,-122.7,708,0
48222,95326,Hughson,37.59,-120.85,7977,0
48219,96044,Hornbrook,41.91,-122.49,643,0
48216,95324,Hilmar,37.39,-120.89,5825,0
48215,95323,Hickman,37.6,-120.68,1119,0
48213,95638,Herald,38.33,-121.14,1831,0
48210,96041,Hayfork,40.5,-123.19,1501,0
48206,96039,Happy Camp,41.78,-123.47,798,0
48204,95951,Hamilton City,39.72,-122.05,2398,0
48068,95763,Folsom,38.67,-121.17,1387,0
48202,95322,Gustine,37.14,-121.04,6607,0
48198,95636,Grizzly Flats,38.64,-120.51,723,0
48194,95948,Gridley,39.35,-121.76,8183,0
48193,96038,Grenada,41.6,-122.54,551,0
48192,95635,Greenwood,38.92,-120.89,958,0
48190,95947,Greenville,40.15,-120.84,1342,0
48188,95949,Grass Valley,39.11,-121.12,15758,0
48175,95945,Grass Valley,39.18,-120.98,18769,0
48169,95943,Glenn,39.6,-122.02,656,0
48167,96035,Gerber,40.03,-122.17,2202,0
48162,95634,Georgetown,38.93,-120.77,2459,0
48160,95633,Garden Valley,38.84,-120.83,2517,0
48159,95632,Galt,38.27,-121.22,22306,0
48199,95321,Groveland,37.85,-119.76,2806,0
48239,96048,Junction City,40.87,-123.1,494,0
48065,95762,El Dorado Hills,38.68,-121.05,33316,0
48056,93624,Five Points,36.38,-120.13,1035,0
48007,95618,Davis,38.53,-121.66,17799,0
48006,95617,Davis,38.54,-121.72,1820,0
48005,95616,Davis,38.48,-121.64,25761,0
48004,93615,Cutler,36.49,-119.28,4111,0
48003,95313,Crows Landing,37.39,-121.05,1400,0
47996,95615,Courtland,38.31,-121.54,753,0
47995,95311,Coulterville,37.71,-120.12,1402,0
47994,96022,Cottonwood,40.33,-122.45,11976,0
47991,96021,Corning,39.92,-122.28,11110,0
47990,95228,Copperopolis,37.94,-120.66,3161,0
47988,95614,Cool,38.88,-120.98,3415,0
47987,95932,Colusa,39.27,-122.05,6178,0
47986,95310,Columbia,38.11,-120.38,1996,0
47985,95613,Coloma,38.8,-120.88,444,0
47979,95713,Colfax,39.09,-120.92,6066,0
47978,93614,Coarsegold,37.17,-119.71,9131,0
47977,93619,Clovis,36.91,-119.58,23064,0
47976,93613,Clovis,36.79,-119.64,1934,0
47975,93612,Clovis,36.81,-119.71,24053,0
47974,93611,Clovis,36.93,-119.56,36239,0
47969,95227,Clements,38.21,-121.03,888,0
47968,95612,Clarksburg,38.37,-121.58,1189,0
47966,95621,Citrus Heights,38.69,-121.31,31963,0
47964,95611,Citrus Heights,38.7,-121.28,1216,0
47962,95610,Citrus Heights,38.69,-121.26,32886,0
48009,95315,Delhi,37.42,-120.77,8952,0
48010,93616,Del Rey,36.65,-119.59,1990,0
48011,95316,Denair,37.54,-120.68,5470,0
48012,95619,Diamond Springs,38.67,-120.81,4471,0
48054,93622,Firebaugh,36.85,-120.54,7288,0
48053,95629,Fiddletown,38.52,-120.7,742,0
48052,95230,Farmington,37.96,-120.87,643,0
48050,96028,Fall River Mills,41.01,-121.47,1223,0
48049,95628,Fair Oaks,38.65,-121.25,34479,0
48047,96027,Etna,41.41,-123.02,1656,0
48046,95627,Esparto,38.78,-122.12,2896,0
48043,95320,Escalon,37.83,-121.03,10192,0
48042,95319,Empire,37.64,-120.9,2004,0
48041,95626,Elverta,38.73,-121.46,4879,0
48040,95318,El Portal,37.65,-119.8,455,0
48039,95317,El Nido,37.12,-120.51,792,0
48057,95630,Folsom,38.67,-121.14,53688,0
48037,95759,Elk Grove,38.4,-121.37,1325,0
48035,95757,Elk Grove,38.35,-121.42,27886,0
48034,95624,Elk Grove,38.44,-121.3,48052,0
48030,95623,El Dorado,38.6,-120.84,3901,0
48026,95938,Durham,39.61,-121.77,3566,0
48025,96025,Dunsmuir,41.19,-122.26,1644,0
48024,95937,Dunnigan,38.88,-122.0,1072,0
48021,96024,Douglas City,40.58,-122.86,632,0
48020,93620,Dos Palos,37.07,-120.63,6358,0
48019,96023,Dorris,41.89,-121.74,858,0
48018,95935,Dobbins,39.36,-121.2,565,0
48016,95620,Dixon,38.39,-121.81,16600,0
48014,93618,Dinuba,36.52,-119.39,19322,0
48036,95758,Elk Grove,38.34,-121.42,48267,0
46773,91752,Mira Loma,33.99,-117.53,21577,0
46775,91763,Montclair,34.07,-117.7,27063,0
46741,90815,Long Beach,33.79,-118.12,31234,0
45403,91331,Pacoima,34.25,-118.41,72872,0
45402,93036,Oxnard,34.25,-119.16,29528,0
45401,93035,Oxnard,34.19,-119.23,21701,0
45400,93034,Oxnard,34.17,-119.17,1355,0
45399,93033,Oxnard,34.14,-119.1,65653,0
45398,93032,Oxnard,34.2,-119.17,1199,0
45397,93031,Oxnard,34.21,-119.18,2942,0
45396,93030,Oxnard,34.19,-119.17,45834,0
45392,93024,Ojai,34.44,-119.25,1223,0
45390,93023,Ojai,34.51,-119.29,15623,0
45389,93475,Oceano,35.1,-120.61,845,0
45388,93445,Oceano,35.06,-120.6,4497,0
45387,93022,Oak View,34.4,-119.3,5190,0
45382,91328,Northridge,34.22,-118.53,363,0
45380,91327,Northridge,34.27,-118.55,524,0
45378,91326,Porter Ranch,34.28,-118.55,28058,0
45377,91325,Northridge,34.23,-118.51,24201,0
45365,91615,North Hollywood,34.19,-118.39,540,0
45362,91614,Studio City,34.14,-118.39,412,0
45353,91610,Toluca Lake,34.15,-118.37,342,0
45340,91607,Valley Village,34.16,-118.4,21208,0
45336,91606,North Hollywood,34.18,-118.39,32275,0
45334,91605,North Hollywood,34.2,-118.39,39700,0
45331,91604,Studio City,34.13,-118.39,23076,0
45323,91602,North Hollywood,34.15,-118.36,13969,0
45408,91333,Pacoima,34.26,-118.42,775,0
45317,91601,North Hollywood,34.16,-118.37,25821,0
45411,93550,Palmdale,34.52,-118.08,48104,0
45419,93552,Palmdale,34.5,-118.01,26212,0
45512,91337,Reseda,34.2,-118.53,671,0
45508,91335,Reseda,34.2,-118.54,54011,0
45503,93044,Port Hueneme,34.15,-119.19,1694,0
45489,93041,Port Hueneme,34.11,-119.11,16854,0
45488,93258,Porterville,36.05,-119.14,4767,0
45485,93257,Porterville,35.96,-118.92,46960,0
45484,93256,Pixley,35.95,-119.31,3390,0
45482,93449,Pismo Beach,35.15,-120.66,6223,0
45480,93448,Pismo Beach,35.15,-120.67,1393,0
45479,93040,Piru,34.43,-118.75,1683,0
45475,93553,Pearblossom,34.48,-117.88,1419,0
45474,93447,Paso Robles,35.65,-120.69,4215,0
45468,93446,Paso Robles,35.61,-120.76,32009,0
45450,91125,Pasadena,34.13,-118.12,330,0
45441,91117,Pasadena,34.14,-118.09,439,0
45435,91109,Pasadena,34.16,-118.16,1622,0
45433,91108,San Marino,34.12,-118.11,12520,0
45432,91107,Pasadena,34.16,-118.08,26912,0
45431,91106,Pasadena,34.13,-118.13,17783,0
45430,91105,Pasadena,34.14,-118.16,9563,0
45429,91104,Pasadena,34.16,-118.12,27268,0
45428,91103,Pasadena,34.17,-118.17,18714,0
45427,91102,Pasadena,34.14,-118.14,651,0
45421,93591,Palmdale,34.61,-117.81,4371,0
45420,93590,Palmdale,34.57,-118.08,1421,0
45414,93551,Palmdale,34.61,-118.27,39678,0
45513,93261,Richgrove,35.81,-119.13,2326,0
45316,93444,Nipomo,35.05,-120.48,15501,0
45313,93443,Morro Bay,35.36,-120.85,1044,0
45236,93535,Lancaster,34.69,-117.9,45851,0
45230,93534,Lancaster,34.72,-118.15,24548,0
45229,93241,Lamont,35.25,-118.91,11327,0
45227,93240,Lake Isabella,35.64,-118.46,4066,0
45220,93532,Lake Hughes,34.69,-118.52,2088,0
45216,91012,La Canada Flintridge,34.2,-118.19,581,0
45212,91011,La Canada Flintridge,34.23,-118.14,18197,0
45210,93239,Kettleman City,35.99,-119.99,1229,0
45208,93238,Kernville,35.83,-118.45,1354,0
45207,93531,Keene,35.23,-118.62,484,0
45204,93529,June Lake,37.77,-119.06,491,0
45197,93235,Ivanhoe,36.38,-119.22,3130,0
45194,93527,Inyokern,35.88,-118.15,1719,0
45192,93526,Independence,36.83,-118.24,544,0
45191,93234,Huron,36.2,-120.09,4538,0
45190,93232,Hanford,36.23,-119.7,1320,0
45189,93230,Hanford,36.27,-119.63,45031,0
45188,93434,Guadalupe,34.93,-120.59,5126,0
45187,93483,Grover Beach,35.12,-120.62,1017,0
45185,93433,Grover Beach,35.12,-120.61,8974,0
45184,93227,Goshen,36.34,-119.41,911,0
45182,91226,Glendale,34.16,-118.21,502,0
45181,91225,Glendale,34.12,-118.25,710,0
45177,91221,Glendale,34.16,-118.28,507,0
45175,91214,La Crescenta,34.23,-118.24,25651,0
45242,93536,Lancaster,34.72,-118.48,48248,0
45314,93254,New Cuyama,34.98,-119.8,626,0
45248,93539,Lancaster,34.68,-118.12,2456,0
45252,93242,Laton,36.43,-119.69,2736,0
45312,93442,Morro Bay,35.38,-120.78,7761,0
45311,93021,Moorpark,34.31,-118.87,30875,0
45310,93020,Moorpark,34.28,-118.88,592,0
45308,91020,Montrose,34.21,-118.23,5930,0
45307,91017,Monrovia,34.13,-117.98,1030,0
45306,91016,Monrovia,34.15,-117.99,31187,0
45302,93505,California City,35.15,-117.92,7123,0
45300,93504,California City,35.14,-118.01,472,0
45297,93501,Mojave,35.09,-118.13,3030,0
45296,93252,Maricopa,34.84,-119.27,1110,0
45292,93546,Mammoth Lakes,37.58,-118.84,6723,0
45290,93250,Mc Farland,35.65,-119.19,8129,0
45289,93249,Lost Hills,35.61,-119.9,2120,0
45288,93441,Los Olivos,34.71,-120.01,1318,0
45287,93440,Los Alamos,34.73,-120.24,1470,0
45282,93545,Lone Pine,36.56,-118.18,1557,0
45281,93438,Lompoc,34.63,-120.46,1501,0
45276,93437,Lompoc,34.77,-120.53,2943,0
45274,93436,Lompoc,34.6,-120.39,36741,0
45272,93544,Llano,34.49,-117.77,767,0
45269,93543,Littlerock,34.48,-117.92,9046,0
45266,93247,Lindsay,36.2,-119.08,11680,0
45261,93246,Lemoore,36.28,-119.84,430,0
45259,93245,Lemoore,36.29,-119.82,26596,0
45253,93243,Lebec,34.86,-118.87,1151,0
45249,93584,Lancaster,34.69,-118.13,520,0
45514,93555,Ridgecrest,35.55,-117.67,24004,0
45517,93556,Ridgecrest,35.62,-117.67,1341,0
45518,93560,Rosamond,34.92,-118.4,13552,0
45744,91359,Westlake Village,34.19,-118.82,1244,0
45743,91358,Thousand Oaks,34.18,-118.87,446,0
45740,91320,Newbury Park,34.17,-118.95,37943,0
45738,91319,Newbury Park,34.18,-118.91,450,0
45737,93270,Terra Bella,35.93,-119.03,4678,0
45736,93465,Templeton,35.54,-120.75,8127,0
45735,93581,Tehachapi,35.13,-118.44,1753,0
45725,93561,Tehachapi,35.12,-118.51,21006,0
45724,91357,Tarzana,34.17,-118.54,968,0
45723,91356,Tarzana,34.15,-118.54,23015,0
45722,93268,Taft,35.17,-119.36,10210,0
45721,91353,Sun Valley,34.21,-118.36,754,0
45717,91352,Sun Valley,34.23,-118.34,35055,0
45716,91041,Sunland,34.26,-118.31,387,0
45714,91040,Sunland,34.26,-118.32,16036,0
45713,93067,Summerland,34.41,-119.59,1210,0
45712,93267,Strathmore,36.14,-119.09,4456,0
45711,93266,Stratford,36.17,-119.81,1255,0
45710,93265,Springville,36.17,-118.7,3031,0
45704,91030,South Pasadena,34.11,-118.15,20953,0
45703,93066,Somis,34.29,-119.03,2974,0
45702,93464,Solvang,34.55,-120.14,847,0
45700,93463,Solvang,34.61,-120.14,5699,0
45697,93094,Simi Valley,34.27,-118.79,720,0
45696,93065,Simi Valley,34.25,-118.78,59551,0
45747,91360,Thousand Oaks,34.21,-118.88,35014,0
45692,93063,Simi Valley,34.3,-118.72,45423,0
45748,91361,Westlake Village,34.14,-118.89,18019,0
45757,93271,Three Rivers,36.44,-118.86,1879,0
45828,93277,Visalia,36.29,-119.38,36340,0
45824,93007,Ventura,34.29,-119.15,537,0
45823,93006,Ventura,34.27,-119.29,1308,0
45822,93005,Ventura,34.25,-119.2,387,0
46769,90720,Los Alamitos,33.79,-118.06,19065,0
45817,93003,Ventura,34.28,-119.22,39626,0
45816,93002,Ventura,34.27,-119.28,1569,0
45812,93001,Ventura,34.33,-119.31,23874,0
45799,91436,Encino,34.15,-118.49,15771,0
45797,91426,Encino,34.15,-118.51,446,0
45795,91423,Sherman Oaks,34.14,-118.42,24736,0
45793,91416,Encino,34.17,-118.51,677,0
45791,91413,Sherman Oaks,34.16,-118.45,1338,0
45785,91409,Van Nuys,34.2,-118.49,853,0
45781,91406,Van Nuys,34.19,-118.49,37193,0
45779,91405,Van Nuys,34.2,-118.44,34500,0
45776,91403,Sherman Oaks,34.14,-118.46,19914,0
45774,91402,Panorama City,34.22,-118.44,45198,0
45771,91401,Van Nuys,34.17,-118.43,28864,0
45769,91316,Encino,34.15,-118.52,21973,0
45767,93275,Tulare,36.2,-119.34,1471,0
45766,93274,Tulare,36.18,-119.36,46216,0
45764,91042,Tujunga,34.29,-118.25,20436,0
45759,93562,Trona,35.73,-117.36,1017,0
45758,93272,Tipton,36.04,-119.34,2780,0
45753,91362,Thousand Oaks,34.19,-118.81,31759,0
45691,93062,Simi Valley,34.28,-118.74,962,0
45690,91025,Sierra Madre,34.16,-118.05,514,0
45689,91024,Sierra Madre,34.2,-118.05,8990,0
45592,93111,Santa Barbara,34.45,-119.8,15066,0
45590,93110,Santa Barbara,34.43,-119.77,12594,0
45589,93109,Santa Barbara,34.4,-119.72,8228,0
45587,93108,Santa Barbara,34.44,-119.61,8500,0
45581,93106,Santa Barbara,34.43,-119.83,359,0
45580,93105,Santa Barbara,34.01,-119.72,19652,0
45579,93103,Santa Barbara,34.43,-119.68,13621,0
45578,93102,Santa Barbara,34.42,-119.7,813,0
45577,93101,Santa Barbara,34.41,-119.7,21615,0
45572,93451,San Miguel,35.89,-120.6,2916,0
45569,93412,Los Osos,35.31,-120.83,787,0
45553,93406,San Luis Obispo,35.24,-120.64,1772,0
45551,93405,San Luis Obispo,35.27,-120.69,11172,0
45549,93403,San Luis Obispo,35.28,-120.65,817,0
45545,93402,Los Osos,35.29,-120.81,11297,0
45543,93401,San Luis Obispo,35.25,-120.62,19714,0
45542,91395,Mission Hills,34.25,-118.46,394,0
45541,91394,Granada Hills,34.26,-118.52,493,0
45538,91392,Sylmar,34.3,-118.43,1223,0
45536,91346,Mission Hills,34.26,-118.46,507,0
45534,91345,Mission Hills,34.27,-118.45,14142,0
45532,91344,Granada Hills,34.29,-118.5,41602,0
45529,91343,North Hills,34.23,-118.47,41190,0
45525,91342,Sylmar,34.32,-118.38,66238,0
45523,91340,San Fernando,34.28,-118.44,25093,0
45594,93116,Goleta,34.49,-120.04,903,0
45596,93117,Goleta,34.5,-120.12,26958,0
45600,93118,Goleta,34.43,-119.82,482,0
45604,93130,Santa Barbara,34.44,-119.73,1165,0
45687,93461,Shandon,35.63,-120.26,1254,0
45685,93263,Shafter,35.49,-119.3,12989,0
45682,93460,Santa Ynez,34.64,-120.02,5209,0
45681,93061,Santa Paula,34.35,-119.05,761,0
45680,93060,Santa Paula,34.4,-119.07,24908,0
45679,93458,Santa Maria,34.95,-120.5,35006,0
45677,93457,Santa Maria,34.86,-120.43,621,0
45676,93456,Santa Maria,34.93,-120.46,3764,0
45674,93455,Santa Maria,34.82,-120.41,33212,0
45670,93454,Santa Maria,34.91,-120.23,24768,0
45665,93453,Santa Margarita,35.31,-120.27,2396,0
45657,91390,Santa Clarita,34.53,-118.4,15765,0
45172,91209,Glendale,34.14,-118.25,985,0
45653,91387,Canyon Country,34.4,-118.4,30434,0
45645,91384,Castaic,34.51,-118.68,18686,0
45637,91381,Stevenson Ranch,34.37,-118.61,15678,0
45635,91380,Santa Clarita,34.49,-118.39,1469,0
45633,91355,Valencia,34.41,-118.56,26548,0
45631,91354,Valencia,34.46,-118.57,22704,0
45628,91351,Canyon Country,34.43,-118.46,25962,0
45621,91350,Santa Clarita,34.43,-118.51,27783,0
45619,91322,Newhall,34.38,-118.53,776,0
45616,91321,Newhall,34.36,-118.47,24843,0
45608,93160,Santa Barbara,34.43,-119.8,909,0
45606,93150,Santa Barbara,34.43,-119.63,744,0
45605,93140,Santa Barbara,34.42,-119.67,1394,0
45650,91386,Canyon Country,34.41,-118.45,880,0
45829,93278,Visalia,36.3,-119.31,699,0
45171,91208,Glendale,34.19,-118.24,13555,0
45169,91206,Glendale,34.16,-118.2,25063,0
44773,90027,Los Angeles,34.12,-118.28,33916,0
44769,90026,Los Angeles,34.07,-118.26,46916,0
44763,90024,Los Angeles,34.06,-118.43,22009,0
44760,90023,Los Angeles,34.01,-118.2,30786,0
44756,90022,Los Angeles,34.02,-118.15,46198,0
44754,90021,Los Angeles,34.03,-118.24,1621,0
44750,90019,Los Angeles,34.04,-118.34,43752,0
44747,90018,Los Angeles,34.02,-118.31,33029,0
44745,90017,Los Angeles,34.05,-118.26,11309,0
44743,90016,Los Angeles,34.02,-118.35,34391,0
44739,90015,Los Angeles,34.03,-118.26,10390,0
44738,90014,Los Angeles,34.04,-118.25,3272,0
44736,90013,Los Angeles,34.04,-118.24,3973,0
44734,90012,Los Angeles,34.06,-118.24,13839,0
44733,90011,Los Angeles,34.0,-118.25,63123,0
44731,90010,Los Angeles,34.06,-118.31,3294,0
44727,90009,Los Angeles,33.94,-118.38,1715,0
44723,90008,Los Angeles,34.0,-118.34,21174,0
44721,90007,Los Angeles,34.02,-118.28,20179,0
44719,90006,Los Angeles,34.04,-118.29,34995,0
44717,90005,Los Angeles,34.05,-118.31,22281,0
44715,90004,Los Angeles,34.07,-118.31,41632,0
44713,90003,Los Angeles,33.96,-118.27,41878,0
44710,90002,Los Angeles,33.94,-118.24,30920,0
44707,90001,Los Angeles,33.97,-118.24,36200,0
44778,90029,Los Angeles,34.09,-118.29,26270,0
44705,90260,Lawndale,33.88,-118.35,25618,0
44781,90031,Los Angeles,34.08,-118.2,26797,0
44785,90033,Los Angeles,34.04,-118.21,28923,0
44863,90065,Los Angeles,34.1,-118.22,34536,0
44861,90064,Los Angeles,34.03,-118.43,22483,0
44859,90063,Los Angeles,34.04,-118.18,35693,0
44857,90062,Los Angeles,34.0,-118.3,22057,0
44854,90061,Los Angeles,33.92,-118.27,18477,0
44850,90059,Los Angeles,33.92,-118.24,25507,0
44848,90058,Los Angeles,34.0,-118.21,2407,0
44846,90057,Los Angeles,34.06,-118.27,21531,0
44842,90056,Los Angeles,33.98,-118.37,7060,0
44835,90050,Los Angeles,34.12,-118.2,407,0
44832,90049,Los Angeles,34.08,-118.49,29275,0
44827,90048,Los Angeles,34.07,-118.37,17194,0
44825,90047,Los Angeles,33.95,-118.3,36265,0
44822,90046,Los Angeles,34.1,-118.37,34474,0
44818,90045,Los Angeles,33.95,-118.4,29336,0
44815,90044,Los Angeles,33.95,-118.29,56462,0
44811,90043,Los Angeles,33.98,-118.33,32064,0
44809,90042,Los Angeles,34.11,-118.19,43949,0
44807,90041,Los Angeles,34.13,-118.2,20920,0
44804,90040,Los Angeles,33.99,-118.14,9350,0
44802,90039,Los Angeles,34.11,-118.26,22944,0
44797,90038,Los Angeles,34.08,-118.32,18877,0
44795,90037,Los Angeles,34.0,-118.28,37811,0
44791,90036,Los Angeles,34.06,-118.35,26227,0
44789,90035,Los Angeles,34.05,-118.38,20647,0
44784,90032,Los Angeles,34.08,-118.17,32538,0
44869,90067,Los Angeles,34.05,-118.41,5575,0
44700,90308,Inglewood,33.95,-118.35,423,0
44695,90304,Inglewood,33.93,-118.36,20300,0
41328,96161,Truckee,39.33,-120.24,7896,0
41327,96160,Truckee,39.32,-120.18,4083,0
41325,96148,Tahoe Vista,39.24,-120.05,632,0
41320,96146,Olympic Valley,39.19,-120.22,1088,0
41317,96145,Tahoe City,39.18,-120.14,3750,0
41312,96130,Susanville,40.57,-120.61,11282,0
41311,96127,Susanville,40.41,-120.65,535,0
41310,96128,Standish,40.35,-120.38,541,0
41307,96158,South Lake Tahoe,38.92,-119.96,3210,0
41296,96155,South Lake Tahoe,38.78,-120.07,896,0
41289,96151,South Lake Tahoe,38.94,-119.97,5277,0
41287,96150,South Lake Tahoe,38.84,-120.01,9905,0
41276,96122,Portola,39.79,-120.46,3165,0
41268,96120,Markleeville,38.73,-119.84,676,0
41266,96118,Loyalton,39.63,-120.21,1177,0
41261,96143,Kings Beach,39.24,-120.04,2971,0
41259,96114,Janesville,40.28,-120.5,2530,0
41256,96142,Tahoma,39.02,-120.14,590,0
41254,96141,Homewood,39.1,-120.19,540,0
41251,96113,Herlong,40.2,-120.19,767,0
41246,96109,Doyle,39.94,-120.06,622,0
41242,96107,Coleville,38.47,-119.48,903,0
41239,96104,Cedarville,41.48,-120.14,627,0
41233,96140,Carnelian Bay,39.22,-120.08,929,0
41227,96103,Blairsden-Graeagle,39.78,-120.65,1434,0
41336,96162,Truckee,39.3,-120.31,2826,0
44697,90305,Inglewood,33.95,-118.33,12037,0
41339,96134,Tulelake,41.8,-121.46,1711,0
44647,90201,Bell Gardens,33.97,-118.15,67468,0
44694,90303,Inglewood,33.93,-118.33,18370,0
44693,90302,Inglewood,33.97,-118.35,20745,0
44692,90301,Inglewood,33.95,-118.36,25753,0
44689,90255,Huntington Park,33.97,-118.21,54716,0
44688,90251,Hawthorne,33.91,-118.36,1320,0
44684,90249,Gardena,33.89,-118.31,21361,0
44683,90248,Gardena,33.88,-118.27,8825,0
44682,90247,Gardena,33.89,-118.29,35920,0
44680,90242,Downey,33.92,-118.14,31123,0
44679,90241,Downey,33.94,-118.13,32425,0
44678,90240,Downey,33.95,-118.12,19687,0
44677,90239,Downey,33.93,-118.11,697,0
44675,90232,Culver City,34.02,-118.39,13073,0
44672,90230,Culver City,33.99,-118.39,25528,0
44669,90224,Compton,33.87,-118.26,977,0
44666,90222,Compton,33.91,-118.23,20801,0
44663,90221,Compton,33.87,-118.21,36005,0
44659,90220,Compton,33.87,-118.24,34287,0
44658,90213,Beverly Hills,34.05,-118.4,902,0
44657,90212,Beverly Hills,34.06,-118.4,12548,0
44656,90211,Beverly Hills,34.06,-118.38,8596,0
44655,90210,Beverly Hills,34.09,-118.41,16984,0
44654,90209,Beverly Hills,34.07,-118.39,810,0
44652,90270,Maywood,33.98,-118.18,19023,0
44650,90202,Bell,33.96,-118.15,648,0
41345,96137,Westwood,40.26,-121.02,2564,0
44871,90068,Los Angeles,34.13,-118.33,15853,0
44873,90069,West Hollywood,34.09,-118.38,17126,0
44877,90071,Los Angeles,34.05,-118.25,964,0
45114,91307,West Hills,34.2,-118.69,20778,0
45112,91306,Winnetka,34.2,-118.57,34013,0
45108,91304,Canoga Park,34.22,-118.59,37168,0
45105,91303,Canoga Park,34.19,-118.6,17718,0
45103,93428,Cambria,35.59,-121.01,5624,0
45100,93012,Camarillo,34.2,-118.98,28348,0
45099,93011,Camarillo,34.21,-119.03,1879,0
45098,93010,Camarillo,34.23,-119.07,34198,0
45093,93518,Caliente,35.4,-118.51,828,0
45092,93206,Buttonwillow,35.43,-119.49,1766,0
45079,91506,Burbank,34.17,-118.32,15393,0
45078,91505,Burbank,34.17,-118.34,25892,0
45077,91504,Burbank,34.2,-118.3,20413,0
45076,91503,Burbank,34.18,-118.3,463,0
45075,91502,Burbank,34.17,-118.31,8245,0
45073,91501,Burbank,34.19,-118.29,16002,0
45072,93427,Buellton,34.61,-120.22,4914,0
45071,93517,Bridgeport,38.27,-119.33,665,0
45067,93426,Bradley,35.85,-120.8,851,0
45062,93516,Boron,34.96,-117.67,1337,0
45061,93205,Bodfish,35.52,-118.4,1286,0
45060,93515,Bishop,37.36,-118.4,1062,0
45051,93514,Bishop,37.5,-118.31,10011,0
45048,93513,Big Pine,37.18,-118.18,1370,0
45047,93390,Bakersfield,35.35,-119.0,1265,0
45117,91308,West Hills,34.2,-118.59,504,0
45046,93389,Bakersfield,35.35,-119.06,1766,0
45119,91309,Canoga Park,34.21,-118.59,590,0
45123,93014,Carpinteria,34.39,-119.51,1136,0
45168,91205,Glendale,34.13,-118.24,27150,0
45167,91204,Glendale,34.13,-118.26,11153,0
45166,91203,Glendale,34.15,-118.26,10833,0
45165,91202,Glendale,34.16,-118.26,17687,0
45164,91201,Glendale,34.17,-118.29,17448,0
45163,93225,Frazier Park,34.8,-119.01,3778,0
45160,93222,Pine Mountain Club,34.84,-119.17,1586,0
45159,93016,Fillmore,34.39,-118.91,1348,0
45158,93015,Fillmore,34.4,-118.83,12620,0
45156,93223,Farmersville,36.3,-119.19,6716,0
45155,93221,Exeter,36.28,-119.03,10596,0
45146,93523,Edwards,34.96,-117.87,2354,0
45143,93219,Earlimart,35.86,-119.28,6744,0
45142,93218,Ducor,35.86,-118.99,760,0
45139,91010,Duarte,34.13,-117.94,20593,0
45138,91009,Duarte,34.13,-117.96,476,0
45136,91008,Duarte,34.14,-117.96,879,0
45135,93216,Delano,35.75,-119.27,2141,0
45134,93215,Delano,35.78,-119.23,29597,0
45132,93432,Creston,35.47,-120.48,1200,0
45129,93212,Corcoran,36.07,-119.53,9472,0
45128,93210,Coalinga,36.19,-120.39,9762,0
45127,91313,Chatsworth,34.23,-118.58,686,0
45126,91311,Chatsworth,34.28,-118.61,29782,0
45125,93430,Cayucos,35.48,-120.92,2539,0
45122,93013,Carpinteria,34.43,-119.52,12862,0
45044,93387,Bakersfield,35.35,-118.95,874,0
45043,93386,Bakersfield,35.37,-118.95,671,0
45042,93385,Bakersfield,35.37,-118.99,598,0
44986,93510,Acton,34.49,-118.22,6716,0
44980,90294,Venice,33.98,-118.47,681,0
44978,90293,Playa Del Rey,33.94,-118.44,9536,0
44972,90291,Venice,33.99,-118.46,20638,0
44971,90290,Topanga,34.1,-118.6,5072,0
44970,90280,South Gate,33.94,-118.2,70212,0
44963,90405,Santa Monica,34.01,-118.46,22070,0
44962,90404,Santa Monica,34.02,-118.47,16220,0
44961,90403,Santa Monica,34.03,-118.49,20118,0
44960,90402,Santa Monica,34.03,-118.5,9702,0
44959,90401,Santa Monica,34.01,-118.49,4953,0
44958,90278,Redondo Beach,33.87,-118.37,33427,0
44957,90277,Redondo Beach,33.83,-118.38,30038,0
44956,90254,Hermosa Beach,33.86,-118.39,16137,0
44948,90275,Rancho Palos Verdes,33.75,-118.31,35895,0
44941,90274,Palos Verdes Peninsula,33.77,-118.34,24008,0
44939,90272,Pacific Palisades,34.07,-118.54,19526,0
44937,90267,Manhattan Beach,33.87,-118.39,876,0
44934,90265,Malibu,34.06,-118.81,12992,0
44933,90264,Malibu,34.04,-118.77,497,0
44931,90262,Lynwood,33.92,-118.2,47895,0
44916,90094,Playa Vista,33.97,-118.43,3903,0
44915,90093,Los Angeles,34.09,-118.33,439,0
44903,90086,Los Angeles,34.06,-118.23,550,0
44891,90077,Los Angeles,34.1,-118.45,7412,0
44987,91301,Agoura Hills,34.12,-118.76,22555,0
44996,91376,Agoura Hills,34.14,-118.75,642,0
44998,91377,Oak Park,34.19,-118.76,12293,0
45000,93201,Alpaugh,35.86,-119.46,696,0
45041,93384,Bakersfield,35.37,-119.01,1480,0
45035,93314,Bakersfield,35.38,-119.2,17646,0
45031,93313,Bakersfield,35.15,-119.06,31082,0
45030,93312,Bakersfield,35.38,-119.22,43353,0
45029,93311,Bakersfield,35.18,-119.21,30317,0
45028,93309,Bakersfield,35.34,-119.07,40902,0
45027,93308,Bakersfield,35.54,-118.91,34003,0
45025,93307,Bakersfield,35.2,-118.86,49152,0
45024,93306,Bakersfield,35.43,-118.83,43761,0
45023,93305,Bakersfield,35.39,-118.98,20671,0
45022,93304,Bakersfield,35.33,-119.02,30415,0
45021,93303,Bakersfield,35.55,-118.92,446,0
45170,91207,Glendale,34.18,-118.25,8398,0
45020,93302,Bakersfield,35.37,-119.02,635,0
45018,93424,Avila Beach,35.18,-120.76,1139,0
45017,93204,Avenal,35.92,-120.1,6674,0
45016,93423,Atascadero,35.48,-120.64,2688,0
45015,93422,Atascadero,35.45,-120.71,22551,0
45013,93203,Arvin,35.08,-118.79,14589,0
45011,93421,Arroyo Grande,35.12,-120.57,1293,0
45008,93420,Arroyo Grande,35.16,-120.43,22308,0
45007,93202,Armona,36.31,-119.71,3054,0
45004,91007,Arcadia,34.12,-118.05,26674,0
45003,91006,Arcadia,34.13,-118.02,28021,0
45002,91003,Altadena,34.18,-118.13,403,0
45001,91001,Altadena,34.2,-118.13,28725,0
45019,93301,Bakersfield,35.38,-119.02,7620,0
45830,93279,Visalia,36.32,-119.29,1162,0
45819,93004,Ventura,34.27,-119.16,23167,0
45832,93291,Visalia,36.4,-119.38,33290,0
46436,92275,Salton City,33.28,-115.92,894,0
46428,92274,Thermal,33.48,-116.1,11251,0
46426,92593,Temecula,33.5,-117.15,1600,0
46424,92592,Temecula,33.53,-117.04,53769,0
46422,92591,Temecula,33.53,-117.1,29508,0
46420,92590,Temecula,33.48,-117.22,2592,0
46418,92589,Temecula,33.51,-117.1,2342,0
46412,91980,Tecate,32.59,-116.58,1985,0
46408,92587,Sun City,33.69,-117.24,12535,0
46406,92586,Sun City,33.7,-117.19,15299,0
46403,92585,Sun City,33.74,-117.18,12616,0
46438,92276,Thousand Palms,33.8,-116.36,5380,0
46401,92584,Menifee,33.65,-117.18,28269,0
46399,91978,Spring Valley,32.71,-116.94,7267,0
46397,91976,Spring Valley,32.74,-116.98,418,0
46396,92075,Solana Beach,32.99,-117.25,10911,0
46393,92273,Seeley,32.79,-115.69,1430,0
46392,92072,Santee,32.83,-117.03,1144,0
46391,92071,Santee,32.85,-116.99,42808,0
46390,92070,Santa Ysabel,33.18,-116.73,972,0
46387,92079,San Marcos,33.14,-117.16,1626,0
46386,92078,San Marcos,33.11,-117.16,31603,0
46384,92069,San Marcos,33.15,-117.17,34357,0
46381,92583,San Jacinto,33.79,-116.93,18842,0
46400,91979,Spring Valley,32.73,-116.97,968,0
46441,92277,Twentynine Palms,34.24,-115.86,16226,0
46444,92278,Twentynine Palms,34.27,-116.1,2701,0
46448,92391,Twin Peaks,34.23,-117.23,1414,0
46496,92802,Anaheim,33.81,-117.91,29583,0
46495,92801,Anaheim,33.84,-117.95,45683,0
46490,91803,Alhambra,34.07,-118.14,24399,0
46489,91802,Alhambra,34.09,-118.12,1647,0
46488,91801,Alhambra,34.09,-118.13,41211,0
46484,91715,City Of Industry,34.01,-117.97,701,0
46481,92286,Yucca Valley,34.18,-116.4,1793,0
46477,92285,Landers,34.33,-116.51,1274,0
46476,92284,Yucca Valley,34.15,-116.41,15762,0
46474,92399,Yucaipa,34.04,-117.01,39430,0
46473,92398,Yermo,34.98,-116.78,1179,0
46472,92397,Wrightwood,34.36,-117.61,4357,0
46470,92283,Winterhaven,32.87,-114.72,2269,0
46468,92596,Winchester,33.63,-117.07,16229,0
46467,92595,Wildomar,33.62,-117.25,23090,0
46466,92281,Westmorland,33.03,-115.55,1694,0
46464,92086,Warner Springs,33.28,-116.6,1068,0
46460,92085,Vista,33.19,-117.23,2268,0
46459,92084,Vista,33.21,-117.2,34654,0
46457,92081,Vista,33.18,-117.24,21220,0
46454,92395,Victorville,34.48,-117.36,26559,0
46452,92394,Victorville,34.57,-117.33,18928,0
46451,92393,Victorville,34.48,-117.31,2612,0
46450,92392,Victorville,34.49,-117.36,37842,0
46449,92082,Valley Center,33.25,-116.98,15502,0
46380,92582,San Jacinto,33.81,-117.02,9984,0
46375,92196,San Diego,32.91,-117.12,1097,0
46374,92195,San Diego,32.74,-117.05,680,0
46373,92193,San Diego,32.8,-117.14,487,0
46305,92130,San Diego,32.95,-117.19,40642,0
46304,92129,San Diego,32.96,-117.12,43907,0
46302,92128,San Diego,32.99,-117.07,40522,0
46301,92127,San Diego,33.02,-117.12,30553,0
46300,92126,San Diego,32.88,-117.13,57845,0
46299,92124,San Diego,32.82,-117.08,23756,0
46298,92123,San Diego,32.8,-117.13,21442,0
46297,92122,San Diego,32.85,-117.2,29139,0
46296,92121,San Diego,32.9,-117.2,3933,0
46295,92120,San Diego,32.79,-117.06,22173,0
46294,92119,San Diego,32.81,-117.03,19213,0
46292,92118,Coronado,32.65,-117.14,13928,0
46291,92117,San Diego,32.81,-117.19,40891,0
46290,92116,San Diego,32.76,-117.12,24400,0
46289,92115,San Diego,32.75,-117.07,36221,0
46288,92114,San Diego,32.71,-117.05,50254,0
46287,92113,San Diego,32.69,-117.11,32148,0
46286,92112,San Diego,32.72,-117.16,1327,0
46285,92111,San Diego,32.8,-117.16,34112,0
45831,93290,Visalia,36.33,-119.29,1172,0
46282,92109,San Diego,32.79,-117.23,32741,0
46281,92108,San Diego,32.77,-117.1,14070,0
46279,92107,San Diego,32.73,-117.24,21395,0
46278,92106,San Diego,32.72,-117.23,15576,0
46277,92105,San Diego,32.73,-117.08,45433,0
46306,92131,San Diego,32.89,-117.07,30124,0
46498,92803,Anaheim,33.84,-117.93,1783,0
46311,92135,San Diego,32.7,-117.18,523,0
46317,92138,San Diego,32.76,-117.2,2375,0
46372,92192,San Diego,32.85,-117.21,1002,0
46360,92178,Coronado,32.68,-117.17,1329,0
46359,92177,San Diego,32.82,-117.19,766,0
46357,92175,San Diego,32.76,-117.06,566,0
46356,92174,San Diego,32.7,-117.08,868,0
46354,92173,San Ysidro,32.55,-117.04,37591,0
46353,92172,San Diego,32.96,-117.13,703,0
46352,92171,San Diego,32.78,-117.17,718,0
46351,92170,San Diego,32.69,-117.13,686,0
46350,92169,San Diego,32.79,-117.25,1191,0
46349,92168,San Diego,32.76,-117.15,719,0
46348,92167,San Diego,32.74,-117.24,569,0
46346,92165,San Diego,32.74,-117.1,610,0
46345,92164,San Diego,32.74,-117.12,475,0
46344,92163,San Diego,32.74,-117.16,956,0
46340,92160,San Diego,32.78,-117.09,501,0
46339,92159,San Diego,32.8,-117.03,504,0
46335,92155,San Diego,32.67,-117.16,533,0
46334,92154,San Diego,32.56,-117.01,67736,0
46332,92153,San Diego,32.56,-117.08,1338,0
46329,92150,San Diego,32.98,-117.08,1730,0
46324,92145,San Diego,32.87,-117.15,1619,0
46322,92143,San Ysidro,32.56,-116.97,2978,0
46321,92142,San Diego,32.83,-117.09,513,0
46318,92139,San Diego,32.68,-117.04,28551,0
46314,92136,San Diego,32.67,-117.11,740,0
46501,92805,Anaheim,33.82,-117.91,50587,0
46503,92806,Anaheim,33.83,-117.86,28271,0
46505,92807,Anaheim,33.85,-117.79,31116,0
46667,90632,La Habra,33.91,-117.95,673,0
46663,90631,La Habra,33.94,-117.95,52341,0
46658,92677,Laguna Niguel,33.53,-117.7,53608,0
46655,92656,Aliso Viejo,33.57,-117.72,39419,0
46648,92653,Laguna Hills,33.6,-117.71,26019,0
46646,92652,Laguna Beach,33.54,-117.78,1216,0
46641,92637,Laguna Woods,33.61,-117.72,13491,0
46639,92607,Laguna Niguel,33.52,-117.7,795,0
46633,92623,Irvine,33.69,-117.81,1058,0
46632,92620,Irvine,33.7,-117.76,31192,0
46631,92619,Irvine,33.66,-117.76,1410,0
46630,92618,Irvine,33.67,-117.73,12059,0
46629,92617,Irvine,33.63,-117.83,4977,0
46628,92616,Irvine,33.64,-117.83,574,0
46627,92614,Irvine,33.68,-117.85,19513,0
46626,92612,Irvine,33.63,-117.81,16945,0
46625,92606,Irvine,33.7,-117.79,16267,0
46624,92604,Irvine,33.69,-117.78,22273,0
46623,92603,Irvine,33.62,-117.79,16155,0
46622,92602,Irvine,33.74,-117.76,17238,0
46620,92649,Huntington Beach,33.71,-118.04,27766,0
46617,92648,Huntington Beach,33.67,-118.0,36978,0
46615,92647,Huntington Beach,33.72,-118.0,44920,0
46612,92646,Huntington Beach,33.66,-117.97,47363,0
46610,92615,Huntington Beach,33.65,-117.96,746,0
46668,90633,La Habra,33.93,-117.94,508,0
46608,92605,Huntington Beach,33.71,-118.0,436,0
46669,90711,Lakewood,33.84,-118.14,543,0
46672,90714,Lakewood,33.85,-118.13,739,0
46740,90814,Long Beach,33.77,-118.14,13995,0
46739,90813,Long Beach,33.78,-118.18,34994,0
46735,90810,Long Beach,33.81,-118.22,27824,0
46733,90809,Long Beach,33.76,-118.12,706,0
46732,90808,Long Beach,33.82,-118.11,33131,0
46729,90807,Long Beach,33.83,-118.18,26420,0
46728,90806,Long Beach,33.81,-118.18,29624,0
46723,90804,Long Beach,33.78,-118.14,26726,0
46720,90803,Long Beach,33.75,-118.13,25619,0
46719,90802,Long Beach,33.75,-118.2,25106,0
46718,90801,Long Beach,33.77,-118.18,1786,0
46715,90755,Signal Hill,33.8,-118.16,8468,0
46707,90746,Carson,33.86,-118.25,20834,0
46705,90745,Carson,33.82,-118.26,46022,0
46704,90717,Lomita,33.79,-118.31,16628,0
46703,91750,La Verne,34.15,-117.76,27750,0
46696,91748,Rowland Heights,33.97,-117.9,37487,0
46695,91747,La Puente,34.02,-117.94,1343,0
46691,91746,La Puente,34.04,-117.98,23468,0
46686,91745,Hacienda Heights,34.0,-117.97,44875,0
46683,91744,La Puente,34.02,-117.93,63301,0
46678,90638,La Mirada,33.9,-118.0,37827,0
46677,90637,La Mirada,33.89,-118.0,777,0
46674,90716,Hawaiian Gardens,33.83,-118.07,10379,0
46673,90715,Lakewood,33.84,-118.07,15741,0
46671,90713,Lakewood,33.85,-118.11,23966,0
46276,92104,San Diego,32.73,-117.12,32533,0
46607,90710,Harbor City,33.79,-118.29,19537,0
46604,91740,Glendora,34.11,-117.85,20434,0
46556,92881,Corona,33.83,-117.5,23308,0
46554,92880,Corona,33.9,-117.61,42387,0
46553,92879,Corona,33.87,-117.53,34375,0
46550,91711,Claremont,34.12,-117.71,27155,0
46549,91709,Chino Hills,33.94,-117.72,62987,0
46546,91710,Chino,33.98,-117.65,56083,0
46545,91708,Chino,34.02,-117.68,4617,0
46542,90623,La Palma,33.85,-118.04,13178,0
46540,90621,Buena Park,33.87,-117.99,26086,0
46539,90620,Buena Park,33.84,-118.0,36788,0
46538,92823,Brea,33.92,-117.8,3045,0
46537,92822,Brea,33.91,-117.89,1053,0
46536,92821,Brea,33.92,-117.86,29617,0
46535,90707,Bellflower,33.88,-118.12,1256,0
46534,90706,Bellflower,33.88,-118.13,54431,0
46532,91706,Baldwin Park,34.09,-117.96,57507,0
46530,91702,Azusa,34.17,-117.87,42119,0
46527,90704,Avalon,33.38,-118.45,3096,0
46524,90703,Cerritos,33.86,-118.05,44208,0
46521,90701,Artesia,33.86,-118.08,12730,0
46513,92815,Anaheim,33.83,-117.91,778,0
46512,92814,Anaheim,33.81,-117.96,640,0
46511,92812,Anaheim,33.81,-117.92,965,0
46509,92809,Anaheim,33.86,-117.74,495,0
46507,92808,Anaheim,33.84,-117.73,16631,0
46557,92882,Corona,33.83,-117.6,50624,0
46605,91741,Glendora,34.14,-117.85,21524,0
46558,92883,Corona,33.75,-117.48,22253,0
46561,92626,Costa Mesa,33.67,-117.9,37365,0
46602,92845,Garden Grove,33.78,-118.02,14081,0
46601,92844,Garden Grove,33.76,-117.97,17495,0
46600,92843,Garden Grove,33.75,-117.94,33276,0
46599,92842,Garden Grove,33.77,-117.94,1686,0
46598,92841,Garden Grove,33.78,-117.97,24588,0
46597,92840,Garden Grove,33.78,-117.93,40332,0
46596,92838,Fullerton,33.89,-117.93,407,0
46594,92836,Fullerton,33.87,-117.9,469,0
46593,92835,Fullerton,33.9,-117.91,20003,0
46591,92833,Fullerton,33.88,-117.96,39597,0
46590,92832,Fullerton,33.86,-117.92,17075,0
46589,92831,Fullerton,33.87,-117.89,24136,0
46587,92630,Lake Forest,33.64,-117.67,50173,0
46585,92609,El Toro,33.59,-117.7,746,0
46582,91734,El Monte,34.07,-118.03,945,0
46579,91733,South El Monte,34.04,-118.04,31052,0
46576,91732,El Monte,34.07,-118.01,43596,0
46575,91731,El Monte,34.08,-118.03,20017,0
46572,92629,Dana Point,33.47,-117.7,22860,0
46569,92624,Capistrano Beach,33.45,-117.66,6064,0
46568,90630,Cypress,33.81,-118.03,41132,0
46566,91724,Covina,34.07,-117.84,20668,0
46565,91723,Covina,34.08,-117.88,13780,0
46564,91722,Covina,34.09,-117.9,28046,0
46562,92627,Costa Mesa,33.64,-117.91,44941,0
46559,92625,Corona Del Mar,33.6,-117.86,10985,0
46275,92103,San Diego,32.74,-117.17,24568,0
46284,92110,San Diego,32.77,-117.18,18233,0
46273,92101,San Diego,32.71,-117.16,21606,0
45992,92033,Escondido,33.12,-117.08,1672,0
45991,92030,Escondido,33.13,-117.05,1258,0
45990,92029,Escondido,33.08,-117.13,15470,0
45989,92027,Escondido,33.13,-116.98,39399,0
45988,92026,Escondido,33.22,-117.1,37252,0
45987,92025,Escondido,33.09,-116.94,32894,0
45984,92024,Encinitas,33.05,-117.25,40737,0
45983,92023,Encinitas,33.03,-117.29,1934,0
45981,92007,Cardiff By The Sea,33.01,-117.27,9394,0
45980,92244,El Centro,32.79,-115.57,2304,0
45979,92243,El Centro,32.77,-115.6,34586,0
45978,92022,El Cajon,32.73,-116.91,1200,0
45975,92021,El Cajon,32.84,-116.88,47937,0
45973,92019,El Cajon,32.77,-116.86,33606,0
45971,92242,Earp,34.15,-114.33,796,0
45970,91917,Dulzura,32.62,-116.67,812,0
45966,92241,Desert Hot Springs,33.83,-116.29,4216,0
45964,92240,Desert Hot Springs,33.92,-116.48,22246,0
45960,91916,Descanso,32.9,-116.62,1514,0
45959,92014,Del Mar,32.96,-117.25,12635,0
45954,92327,Daggett,34.86,-116.81,457,0
45950,92325,Crestline,34.25,-117.3,8046,0
45945,92324,Colton,34.01,-117.27,40776,0
45943,92313,Grand Terrace,34.03,-117.31,9454,0
45942,92236,Coachella,33.7,-116.17,28536,0
45993,92046,Escondido,33.12,-117.1,1593,0
45939,91921,Chula Vista,32.65,-116.95,991,0
45996,92028,Fallbrook,33.39,-117.29,35647,0
45999,92333,Fawnskin,34.27,-116.94,429,0
46034,92203,Indio,33.75,-116.23,16919,0
46033,92202,Indio,33.66,-116.29,4277,0
46030,92201,Indio,33.71,-116.23,41028,0
46028,91933,Imperial Beach,32.58,-117.11,838,0
46274,92102,San Diego,32.72,-117.09,29464,0
46025,92251,Imperial,32.86,-115.65,12786,0
46024,92549,Idyllwild,33.76,-116.73,3099,0
46023,92548,Homeland,33.75,-117.11,4175,0
46021,92250,Holtville,32.83,-115.19,6337,0
46019,92347,Hinkley,34.95,-117.18,996,0
46018,92346,Highland,34.13,-117.15,40992,0
46017,92345,Hesperia,34.36,-117.32,52569,0
46015,92344,Hesperia,34.39,-117.39,13963,0
46014,92340,Hesperia,34.41,-117.27,2409,0
46013,92546,Hemet,33.74,-116.97,1153,0
46012,92545,Hemet,33.73,-117.05,26648,0
46011,92544,Hemet,33.64,-116.83,30633,0
46010,92543,Hemet,33.66,-116.98,19884,0
46008,92342,Helendale,34.74,-117.35,4734,0
46007,92249,Heber,32.73,-115.47,5698,0
46005,92339,Forest Falls,34.08,-116.9,792,0
46004,92337,Fontana,34.05,-117.46,27988,0
46003,92336,Fontana,34.14,-117.45,66178,0
46002,92335,Fontana,34.08,-117.46,65832,0
46001,92334,Fontana,34.07,-117.46,1833,0
45998,92088,Fallbrook,33.36,-117.25,2049,0
45938,91915,Chula Vista,32.6,-116.93,19456,0
45937,91914,Chula Vista,32.66,-116.94,12078,0
45936,91913,Chula Vista,32.64,-116.98,31558,0
45887,92386,Sugarloaf,34.24,-116.82,1396,0
45886,92314,Big Bear City,34.26,-116.84,6104,0
45884,92223,Beaumont,33.94,-116.97,31758,0
45883,92312,Barstow,34.97,-117.05,1317,0
45881,92311,Barstow,34.97,-116.99,21613,0
45879,92310,Fort Irwin,35.3,-116.74,6090,0
45877,92220,Banning,33.92,-116.83,21934,0
45872,92309,Baker,35.31,-116.04,597,0
45870,92308,Apple Valley,34.42,-117.14,26211,0
45869,92307,Apple Valley,34.57,-117.15,28280,0
45868,92539,Anza,33.53,-116.68,2965,0
45866,92305,Angelus Oaks,34.18,-116.86,521,0
45863,91903,Alpine,32.83,-116.76,1898,0
45862,91901,Alpine,32.8,-116.71,12512,0
45860,92536,Aguanga,33.5,-116.81,2501,0
45858,92301,Adelanto,34.66,-117.51,18944,0
45849,91367,Woodland Hills,34.17,-118.61,31168,0
45847,91365,Woodland Hills,34.16,-118.6,713,0
45845,91364,Woodland Hills,34.15,-118.6,21888,0
45840,91302,Calabasas,34.11,-118.67,22015,0
45838,93286,Woodlake,36.46,-119.1,6406,0
45836,93285,Wofford Heights,35.7,-118.5,1528,0
45835,93283,Weldon,35.44,-118.25,1178,0
45834,93280,Wasco,35.64,-119.44,14256,0
45833,93292,Visalia,36.37,-119.18,26810,0
45889,92315,Big Bear Lake,34.23,-116.86,6550,0
45891,92316,Bloomington,34.06,-117.39,22380,0
45893,92317,Blue Jay,34.25,-117.21,3387,0
45894,92225,Blythe,33.75,-114.51,10038,0
45935,91912,Chula Vista,32.64,-117.08,3394,0
45934,91911,Chula Vista,32.61,-117.03,66861,0
45932,91909,Chula Vista,32.61,-117.06,841,0
45931,92321,Cedar Glen,34.25,-117.16,1202,0
45929,92235,Cathedral City,33.77,-116.46,2167,0
45927,92234,Cathedral City,33.82,-116.45,34119,0
45926,92018,Carlsbad,33.16,-117.34,1656,0
45925,92013,Carlsbad,33.15,-117.35,671,0
45922,92011,Carlsbad,33.1,-117.29,18094,0
45921,92010,Carlsbad,33.15,-117.28,11702,0
45919,92009,Carlsbad,33.09,-117.27,34502,0
45918,92008,Carlsbad,33.13,-117.3,22311,0
46036,91934,Jacumba,32.63,-116.18,495,0
45917,91906,Campo,32.68,-116.47,2441,0
45915,92320,Calimesa,33.97,-117.05,6035,0
45914,92232,Calexico,32.67,-115.5,3901,0
45912,92231,Calexico,32.69,-115.51,46865,0
45910,92282,Whitewater,33.94,-116.65,526,0
45909,92230,Cabazon,33.93,-116.77,1532,0
45907,92227,Brawley,33.02,-115.45,18589,0
45906,91905,Boulevard,32.67,-116.31,1106,0
45904,92004,Borrego Springs,33.17,-116.27,2493,0
45903,92003,Bonsall,33.28,-117.19,4661,0
45902,91908,Bonita,32.65,-117.02,823,0
45901,91902,Bonita,32.67,-117.01,14985,0
45897,92226,Blythe,33.6,-114.58,1695,0
45916,92233,Calipatria,33.13,-115.52,2671,0
46037,91935,Jamul,32.69,-116.8,7716,0
46026,91932,Imperial Beach,32.57,-117.11,19955,0
46139,92255,Palm Desert,33.74,-116.36,1305,0
46182,92375,Redlands,34.05,-117.19,1248,0
46178,92373,Redlands,34.0,-117.12,26330,0
46176,92091,Rancho Santa Fe,33.05,-117.19,890,0
46174,92067,Rancho Santa Fe,33.02,-117.19,10372,0
46173,92270,Rancho Mirage,33.78,-116.41,12970,0
46172,92065,Ramona,33.07,-116.83,28767,0
46171,92074,Poway,32.95,-117.03,881,0
46169,91963,Potrero,32.63,-116.59,1054,0
46167,92268,Pioneertown,34.21,-116.52,469,0
46166,92372,Pinon Hills,34.47,-117.62,3747,0
46165,91962,Pine Valley,32.78,-116.48,1651,0
46163,92371,Phelan,34.42,-117.48,6321,0
46183,92376,Rialto,34.1,-117.38,55471,0
46162,92329,Phelan,34.35,-117.6,6071,0
46158,92571,Perris,33.83,-117.2,33736,0
46157,92570,Perris,33.78,-117.33,33297,0
46155,92061,Pauma Valley,33.3,-116.92,2444,0
46154,92059,Pala,33.38,-117.07,1305,0
46147,92264,Palm Springs,33.72,-116.51,12753,0
46146,92263,Palm Springs,33.87,-116.56,2769,0
46142,92262,Palm Springs,33.85,-116.56,17175,0
46141,92261,Palm Desert,33.61,-116.42,1814,0
46140,92260,Palm Desert,33.7,-116.4,21470,0
46038,92252,Joshua Tree,34.15,-116.27,6160,0
46138,92211,Palm Desert,33.77,-116.34,18234,0
46136,92210,Indian Wells,33.7,-116.33,3236,0
46159,92572,Perris,33.78,-117.22,1642,0
46135,92368,Oro Grande,34.65,-117.29,552,0
46184,92377,Rialto,34.16,-117.39,16892,0
46186,92501,Riverside,33.99,-117.38,13444,0
46271,92427,San Bernardino,34.19,-117.34,913,0
46266,92423,San Bernardino,34.1,-117.28,1021,0
46254,92413,San Bernardino,34.14,-117.25,871,0
46252,92412,San Bernardino,34.08,-117.26,443,0
46250,92411,San Bernardino,34.12,-117.32,17344,0
46247,92410,San Bernardino,34.1,-117.27,29872,0
46245,92408,San Bernardino,34.07,-117.25,8883,0
46236,92407,San Bernardino,34.22,-117.37,37108,0
46234,92406,San Bernardino,34.13,-117.28,724,0
46232,92405,San Bernardino,34.14,-117.3,18868,0
46229,92404,San Bernardino,34.17,-117.24,37086,0
46223,92401,San Bernardino,34.1,-117.29,1426,0
46185,92378,Rimforest,34.21,-117.24,640,0
46219,92382,Running Springs,34.18,-117.08,4244,0
46208,92518,March Air Reserve Base,33.89,-117.27,1020,0
46207,92517,Riverside,33.96,-117.43,1672,0
46206,92516,Riverside,33.95,-117.39,742,0
46203,92513,Riverside,33.91,-117.46,1087,0
46200,92509,Riverside,33.99,-117.44,53031,0
46199,92508,Riverside,33.89,-117.32,26006,0
46196,92507,Riverside,33.96,-117.31,32114,0
46195,92506,Riverside,33.92,-117.36,35060,0
46193,92505,Riverside,33.93,-117.49,32679,0
46190,92504,Riverside,33.9,-117.4,37665,0
46188,92503,Riverside,33.89,-117.44,61219,0
46187,92502,Riverside,33.98,-117.37,714,0
46211,92519,Riverside,33.99,-117.41,559,0
46132,92058,Oceanside,33.18,-117.29,27368,0
48862,95993,Yuba City,39.05,-121.73,27844,0
46131,92057,Oceanside,33.27,-117.28,43857,0
46053,92531,Lake Elsinore,33.6,-117.39,959,0
46090,92561,Mountain Center,33.63,-116.59,936,0
46088,92256,Morongo Valley,34.1,-116.58,2399,0
46087,92557,Moreno Valley,33.97,-117.25,36328,0
46055,92532,Lake Elsinore,33.71,-117.34,12454,0
46057,92040,Lakeside,32.9,-116.89,32995,0
46086,92556,Moreno Valley,33.96,-117.24,739,0
46084,92555,Moreno Valley,33.9,-117.1,26702,0
46058,91941,La Mesa,32.75,-116.99,35288,0
46081,92552,Moreno Valley,33.92,-117.24,2209,0
46059,91942,La Mesa,32.78,-117.01,19254,0
46080,92551,Moreno Valley,33.87,-117.22,21024,0
46078,92359,Mentone,34.1,-117.04,6159,0
46060,91943,La Mesa,32.77,-117.01,374,0
46076,92254,Mecca,33.55,-115.97,11107,0
46075,92358,Lytle Creek,34.25,-117.54,603,0
46073,92356,Lucerne Valley,34.52,-116.88,3770,0
46069,92354,Loma Linda,34.05,-117.24,15275,0
46066,91946,Lemon Grove,32.74,-117.03,618,0
46065,91945,Lemon Grove,32.73,-117.03,19359,0
46064,92253,La Quinta,33.65,-116.27,26303,0
46094,92562,Murrieta,33.54,-117.33,45927,0
46062,92247,La Quinta,33.66,-116.31,1310,0
46051,92530,Lake Elsinore,33.68,-117.37,33145,0
46042,92039,La Jolla,32.84,-117.27,532,0
46130,92056,Oceanside,33.2,-117.29,42843,0
46126,92055,Camp Pendleton,33.29,-117.3,6130,0
46039,92036,Julian,32.99,-116.41,2805,0
46123,92054,Oceanside,33.35,-117.43,29573,0
46121,92051,Oceanside,33.19,-117.36,1564,0
46120,92049,Oceanside,33.19,-117.37,469,0
46040,92037,La Jolla,32.86,-117.24,30981,0
46041,92038,La Jolla,32.85,-117.25,1552,0
46118,92567,Nuevo,33.82,-117.1,6743,0
46096,92563,Murrieta,33.57,-117.14,41578,0
46061,91944,La Mesa,32.76,-117.02,910,0
46112,92257,Niland,33.3,-115.55,1055,0
46110,92365,Newberry Springs,34.85,-116.51,1494,0
46103,92363,Needles,34.78,-114.59,3538,0
46043,92092,La Jolla,32.87,-117.23,683,0
46101,91950,National City,32.67,-117.09,41162,0
46098,92564,Murrieta,33.64,-117.18,925,0
46049,92352,Lake Arrowhead,34.27,-117.19,3856,0
46114,92258,North Palm Springs,33.9,-116.56,594,0
45787,91411,Van Nuys,34.17,-118.46,15715,1
46499,92804,Anaheim,33.81,-117.97,61315,1
48503,95741,Rancho Cordova,38.58,-121.3,1400,1
46725,90805,Long Beach,33.86,-118.18,66158,1
44866,90066,Los Angeles,34.0,-118.43,43203,1
46181,92374,Redlands,34.06,-117.17,29406,1
46551,92877,Corona,33.87,-117.56,937,1
46379,92581,San Jacinto,33.78,-116.95,1392,1
46398,91977,Spring Valley,32.71,-116.99,44239,1
45974,92020,El Cajon,32.79,-116.96,39637,1
45933,91910,Chula Vista,32.63,-117.05,60383,1
46153,92369,Patton,34.13,-117.22,420,1
48647,95864,Sacramento,38.58,-121.37,19481,1
44685,90250,Hawthorne,33.91,-118.34,68109,1
45426,91101,Pasadena,34.14,-118.13,13258,1
44765,90025,Los Angeles,34.04,-118.44,34463,1
44776,90028,Los Angeles,34.1,-118.32,18687,1
47355,94903,San Rafael,38.02,-122.54,23974,1
46170,92064,Poway,32.97,-117.02,40359,1
48629,95831,Sacramento,38.49,-121.53,34473,1
46644,92651,Laguna Beach,33.55,-117.78,19615,1
45376,91324,Northridge,34.24,-118.55,20401,1
44681,90245,El Segundo,33.91,-118.4,15421,1
44935,90266,Manhattan Beach,33.88,-118.4,30505,1
45005,91066,Arcadia,34.14,-118.02,681,2
